unique_key,taxi_id,trip_start_timestamp,trip_end_timestamp,trip_seconds,trip_miles,pickup_census_tract,dropoff_census_tract,pickup_community_area,dropoff_community_area,fare,tips,tolls,extras,trip_total,payment_type,company,pickup_latitude,pickup_longitude,pickup_location,dropoff_latitude,dropoff_longitude,dropoff_location,pickup_spot,dropoff_spot
e9f7863991a52aca148f672dd3a34262b447ca68,c8de7252698d40589e705ed134d71f8fd869ad23ceee4d941909af7e2b3c9079c008f1627169c8b672e577a1adf45731685155f4b06333f758dcba2ecd9f58c4,2013-11-23 02:45:00 UTC,2013-11-23 02:45:00 UTC,480,0.0,,,14,14,705.0,0.0,0.0,100.0,805.0,Cash,Taxi Affiliation Services,41.968069,-87.721559063,POINT (-87.7215590627 41.968069),41.968069,-87.721559063,POINT (-87.7215590627 41.968069)
e9f83f1a29acb50a08f9c3136ede36e236d4d738,2dfef94ac1d16ba66be124b628d1e12ddbc86b965a85c1dc193a04b06d8569fa29181818767798354cade7d844cfdf8787245ccbc2f82a10d9e93504fab73852,2013-08-26 04:15:00 UTC,2013-08-26 04:15:00 UTC,0,0.0,,,14,14,325.0,0.0,0.0,0.0,325.0,Cash,Taxi Affiliation Services,41.968069,-87.721559063,POINT (-87.7215590627 41.968069),41.968069,-87.721559063,POINT (-87.7215590627 41.968069)
e9f943417c89feaf8d061ddcc3e509b99d16b336,49588a613390bc7f6722b0b7b523dbb03b84cc5a1bd291cf1272a533c3632926652627bdfd209f3aaf68cb77c5795d2d6939e312e795f3fb2699a3f0233bb44c,2013-04-04 08:15:00 UTC,2013-04-04 08:15:00 UTC,0,1.0,,,14,14,505.0,0.0,0.0,100.0,605.0,Cash,Dispatch Taxi Affiliation,41.968069,-87.721559063,POINT (-87.7215590627 41.968069),41.968069,-87.721559063,POINT (-87.7215590627 41.968069)
e9fa94cb457859b100957677bc82215187b4257b,51eb9c5081818ea85d83b697330fe44178c6e3031c85e616140c9e802940009437aa82cef75f4471453129c4edaa091bd93eaf3178bd2f4300f4305cbd073184,2014-02-23 06:45:00 UTC,2014-02-23 06:45:00 UTC,360,1.1,,,14,14,565.0,0.0,0.0,100.0,665.0,Cash,,41.968069,-87.721559063,POINT (-87.7215590627 41.968069),41.968069,-87.721559063,POINT (-87.7215590627 41.968069)
e9fe0e6c6abdec48fdf56551fce6214c7b4cd35b,c1e1cb6dfa6fb19de3558175cd6dca3aed664f04c63fca6be35956072858d88c8977a2f088995e6d94618f4122d103530046a18ae6525b6ac6072dc76aab31ee,2015-09-07 12:45:00 UTC,2015-09-07 12:45:00 UTC,0,0.0,,,14,14,325.0,0.0,0.0,0.0,325.0,Cash,,41.968069,-87.721559063,POINT (-87.7215590627 41.968069),41.968069,-87.721559063,POINT (-87.7215590627 41.968069)
e9fe8e170663ad544e3faecac8ecb30bc15f0eb1,36623b1ce3a5be6a8f5c01307d4c0dd961925fb3352f44fc2620ebd55bfa7bc3947e902478aa8d8636615fb95a4a298d787a1cd95473817839b214b5454668c3,2014-03-24 09:00:00 UTC,2014-03-24 09:00:00 UTC,0,0.0,,,14,14,325.0,0.0,0.0,100.0,425.0,Cash,Dispatch Taxi Affiliation,41.968069,-87.721559063,POINT (-87.7215590627 41.968069),41.968069,-87.721559063,POINT (-87.7215590627 41.968069)
e9fe8f30cecc2bca2f60c99f7fe921d1b2dbd205,99f5a5a5d3212d997e713cfdab04fa1a6e80dd1f2c70ed1e76224fc959b39b0e357644c820c84b10898c0233e5b962761a1c4df82ca26ef55979c6df11e19db2,2014-02-28 06:45:00 UTC,2014-02-28 06:45:00 UTC,0,0.0,,,14,14,325.0,0.0,0.0,0.0,325.0,Cash,Dispatch Taxi Affiliation,41.968069,-87.721559063,POINT (-87.7215590627 41.968069),41.968069,-87.721559063,POINT (-87.7215590627 41.968069)
e9ff4dd3edc8c9ffeb6df94d1deb401c5f4a7766,66d346e8a00c6051fb17b0d4e1590397bc583ac4899c5fde2ee3192a799dbb85a1f4cdc9f3680759e063b775d55b94204491b57f3399c10abb050ad43944c8ec,2016-09-29 07:45:00 UTC,2016-09-29 07:45:00 UTC,0,0.0,,,14,14,325.0,0.0,0.0,0.0,325.0,Cash,,41.968069,-87.721559063,POINT (-87.7215590627 41.968069),41.968069,-87.721559063,POINT (-87.7215590627 41.968069)
e9ffcdfa2f8ce8dde6bbe47594bcd44a61ece738,4ef7064ef115fcd250918ddf5b1a7c49a1cda870b90afe97c57d35d7a155cd97feba5167e3037c194a215d8dcf4759a6f2953626bb0b7b79850e2d89e84920f2,2013-09-28 08:30:00 UTC,2013-09-28 08:30:00 UTC,480,3.0,,,14,14,905.0,0.0,0.0,0.0,905.0,Cash,Choice Taxi Association,41.968069,-87.721559063,POINT (-87.7215590627 41.968069),41.968069,-87.721559063,POINT (-87.7215590627 41.968069)
ea005ad7f30c1e4921ee970e2d1bfa350ba2c7bb,83946c2d33e0cac34a4d8a03a8bdca905808e852e1672727ae699c10a6f8026e3c7900c67e808a6a853333b192dbd45209f32bd1e54d8b7a0aca420dd75d33de,2013-04-15 06:30:00 UTC,2013-04-15 06:30:00 UTC,0,0.0,,,14,14,325.0,0.0,0.0,150.0,475.0,Cash,Dispatch Taxi Affiliation,41.968069,-87.721559063,POINT (-87.7215590627 41.968069),41.968069,-87.721559063,POINT (-87.7215590627 41.968069)
ea00d4e0398daf212e7f55703af0a0392a807c79,757b7bbb7fc2741910251a1f26b559da772b9cf487d5a7a4daf4b682b033da19649eeac2a1d143b17b71770528d0ab889c66557c44751936d906302859562a5b,2013-12-20 03:00:00 UTC,2013-12-20 03:15:00 UTC,720,0.0,,,14,14,745.0,0.0,0.0,0.0,745.0,Cash,Northwest Management LLC,41.968069,-87.721559063,POINT (-87.7215590627 41.968069),41.968069,-87.721559063,POINT (-87.7215590627 41.968069)
ea0193fbfa454386c4ccb329e1f04be5a1c786ae,4c437b70b55212de32439053c915572d336a8cc2fb712999ae6fe0fef3b8d0018beacdd3643cf559873ae04b6a2a9c3b01a821ff06f47bffdc6d03efa200d78d,2014-01-23 10:45:00 UTC,2014-01-23 10:45:00 UTC,120,0.0,,,14,14,425.0,0.0,0.0,0.0,425.0,Cash,Taxi Affiliation Services,41.968069,-87.721559063,POINT (-87.7215590627 41.968069),41.968069,-87.721559063,POINT (-87.7215590627 41.968069)
ea03b6163f7cb07cccfce777e962dad9e7088e19,d41ab2be597b82c3e6b0b0ecccf98883a84db0d9aed4f608871f0a2f09afc8af1cc61f2e1963dd196acc8721bb0db15343542f2364a52f6f4a7066c6f97af225,2013-11-24 01:00:00 UTC,2013-11-24 01:00:00 UTC,420,1.5,,,14,14,645.0,0.0,0.0,0.0,645.0,Cash,,41.968069,-87.721559063,POINT (-87.7215590627 41.968069),41.968069,-87.721559063,POINT (-87.7215590627 41.968069)
ea061efd169a03494757e86ff82b8ea8e61f70e0,eeb403fb118048716fd325cbe38eb90890a7e641e6584ef02f021e7cbcc9b11a259d762cc9409f65983835e7c3a5ad2fe7c1583db2039b54127bdc06fb807434,2015-05-21 04:30:00 UTC,2015-05-21 04:45:00 UTC,240,0.9,,,14,14,525.0,0.0,0.0,0.0,525.0,Credit Card,,41.968069,-87.721559063,POINT (-87.7215590627 41.968069),41.968069,-87.721559063,POINT (-87.7215590627 41.968069)
ea07481ffcfcb60c527e5f0e3fd0d6686f7f219a,1d5a2be8d4ebc51eeb04be05f3b4e2d003483db9aba9c18d0b28314e6d4cf4e858224874e1b853f78e7e06131dcc7717e324eee622f18f4912294960c8bb61da,2013-03-15 07:00:00 UTC,2013-03-15 07:00:00 UTC,0,0.0,,,14,14,325.0,0.0,0.0,0.0,325.0,Cash,Dispatch Taxi Affiliation,41.968069,-87.721559063,POINT (-87.7215590627 41.968069),41.968069,-87.721559063,POINT (-87.7215590627 41.968069)
ea082f2e4e374dc69dadcfe7272c692e83e298a5,ae5d0e12faea0263e7935303ef8e263cafb033c70eb3c847ac3f52061aca21cf920c5672934906595ffba34157da829ac17abd561672f3cd16311d600386c4b3,2017-05-16 09:00:00 UTC,2017-05-16 09:30:00 UTC,1800,14.6,,,14,14,3800.0,600.0,0.0,400.0,4850.0,Credit Card,,41.968069,-87.721559063,POINT (-87.7215590627 41.968069),41.968069,-87.721559063,POINT (-87.7215590627 41.968069)
ea0a81cac5e5f2de9d37bc1e65b912185de1c87e,6387cede3d04d6fc99bcb37707880b3c8043f9e7284bfc4f1879ac6370b9920f1060e81244c74e01a8e1b6a0d7ead59bbdacd4ab2dc4c2c5db20e318399af81d,2013-05-19 09:30:00 UTC,2013-05-19 09:30:00 UTC,420,2.0,,,14,14,725.0,0.0,0.0,100.0,825.0,Cash,,41.968069,-87.721559063,POINT (-87.7215590627 41.968069),41.968069,-87.721559063,POINT (-87.7215590627 41.968069)
ea0b4e3a6c2823784f2946e6b163cebc8a6f2a45,6742af1fa219cb510a0f217f3e4f2457a065503294bc782f27d363c5850b719e8b395c2b3d94124f42905fba6d3744ecd6f9ee2221095ae959001d4b7a845af6,2013-08-31 03:30:00 UTC,2013-08-31 03:30:00 UTC,240,0.0,,,14,14,505.0,0.0,0.0,0.0,505.0,Cash,Taxi Affiliation Services,41.968069,-87.721559063,POINT (-87.7215590627 41.968069),41.968069,-87.721559063,POINT (-87.7215590627 41.968069)
ea0b8cf3d2e5d6481e67f674990e573bef29a13c,d84c3b3515e9b0be353baccf4cfba1e0cef7e656261dc5da4b6139b538661691b05eec8a191d34284a31339656c3d8746867eb8622c9ba84e13a15aec9afe1c7,2014-02-24 01:30:00 UTC,2014-02-24 01:30:00 UTC,180,0.0,,,14,14,465.0,0.0,0.0,0.0,465.0,Cash,Taxi Affiliation Services,41.968069,-87.721559063,POINT (-87.7215590627 41.968069),41.968069,-87.721559063,POINT (-87.7215590627 41.968069)
ea0bdaa72f17ae81c21b3e49c330c8a7f1d612af,ff77c388793ba916ad444aaa66e010eb825d721c810ff4f4e657f90dd9c2dc33f63316fae4cede540b0db46e9a8a306730f0c67a25756855148ae1f420abfeaf,2016-05-16 07:30:00 UTC,2016-05-16 07:30:00 UTC,420,0.0,,,14,14,675.0,0.0,0.0,100.0,775.0,Cash,Taxi Affiliation Services,41.968069,-87.721559063,POINT (-87.7215590627 41.968069),41.968069,-87.721559063,POINT (-87.7215590627 41.968069)
ea0c297cd808feae7cbabfba316cd653c4563fcb,f3fce508e5374eb9efd6548de2204eec16244b45ff18f2b2707f7ea819c459c9a2654f11a9d80306249289b30d1b8ad655a18acf5800a0277a316e3096077762,2015-11-16 02:00:00 UTC,2015-11-16 02:00:00 UTC,0,0.0,,,14,14,325.0,0.0,0.0,0.0,325.0,Cash,Taxi Affiliation Services,41.968069,-87.721559063,POINT (-87.7215590627 41.968069),41.968069,-87.721559063,POINT (-87.7215590627 41.968069)
ea0e29dae98684a221c3d6d49db9f397913806d1,95c0ee6eb7cd577a0850ec2fa6b66b10a9cb5c3850ad2e0253c3540474466d8a713b0c9895d67dabe1f9f986bc4a2bf93d1ca96fbd818c9f4ffe3fd9374c6b0e,2017-01-08 09:30:00 UTC,2017-01-08 09:45:00 UTC,457,1.69,,,14,14,775.0,0.0,0.0,0.0,775.0,Cash,,41.968069,-87.721559063,POINT (-87.7215590627 41.968069),41.968069,-87.721559063,POINT (-87.7215590627 41.968069)
ea0f7c6e44f06bf5b52dba4ba77fa886eeb6d5d6,e4f44ff6ebf8531eeaf93d560df7f8322247e89e475fcc474de73fb39b14a501bdc0e49aa67a8c11cf878da95e04e3ba4f98b3d82b92433981b4206f374e0ade,2013-07-10 10:15:00 UTC,2013-07-10 10:30:00 UTC,420,1.5,,,14,14,665.0,0.0,0.0,100.0,765.0,Cash,,41.968069,-87.721559063,POINT (-87.7215590627 41.968069),41.968069,-87.721559063,POINT (-87.7215590627 41.968069)
ea1003660357bfde058cad5deb8c9a90d6bce927,19338c11fca35d3542a664a84f9918bd000b5de613385a9d5200e097b42a6e46d48511424a8ed79d1be14a21e2359882691da2fa78bb4ae617db2748689bf89f,2013-07-10 06:00:00 UTC,2013-07-10 06:00:00 UTC,540,0.1,,,14,14,705.0,0.0,0.0,0.0,705.0,Cash,Blue Ribbon Taxi Association Inc.,41.968069,-87.721559063,POINT (-87.7215590627 41.968069),41.968069,-87.721559063,POINT (-87.7215590627 41.968069)
ea10fe099c95987ac9b7a5174d43d382d523ab81,cae62043bb6569b65b89bf68a41c0000c2b257b17e17cff433619db4f98aaa954f9204b23c2f39c481d0b1e80b78c8325f98aa9ad1efb69bcbe1e68b853482a5,2015-11-08 02:00:00 UTC,2015-11-08 02:15:00 UTC,180,0.9,,,14,14,485.0,0.0,0.0,100.0,585.0,Cash,Taxi Affiliation Services,41.968069,-87.721559063,POINT (-87.7215590627 41.968069),41.968069,-87.721559063,POINT (-87.7215590627 41.968069)
ea1228122c2e6d2a23bfbd1d542081925c16f703,d3d8cab49bc82d6ea380eb3c13e527b2654879b0df0cd4e7e0c73965802a3e1b4ecc432a0d5506aeb81ff12dce60861f36465f2c7cd6b7c8d280f4609d1916f3,2016-11-16 08:00:00 UTC,2016-11-16 08:00:00 UTC,120,0.0,,,14,14,0.0,0.0,0.0,0.0,0.0,Cash,Dispatch Taxi Affiliation,41.968069,-87.721559063,POINT (-87.7215590627 41.968069),41.968069,-87.721559063,POINT (-87.7215590627 41.968069)
ea1554980ae89e73ec1255f3ce149053e749133e,2509c81056c1e0cb62c7506298a354992d45550bba9fd0928534686b63bb0c10700c0450227b0b91640454fdfbb97d689325f9e431654db00ec1110940737aa7,2014-09-16 10:00:00 UTC,2014-09-16 10:00:00 UTC,0,0.0,,,14,14,325.0,0.0,0.0,0.0,325.0,Cash,Taxi Affiliation Services,41.968069,-87.721559063,POINT (-87.7215590627 41.968069),41.968069,-87.721559063,POINT (-87.7215590627 41.968069)
ea15a1abfd2065cad3bd84b7966d1fef3cf6ac32,ffa4a7ea614ef7d2eac427f6f1a0af6a5298a57224da0b9b286ba33479183e081b8d46ff0d2e4545ecba5bda51b2000ceab71dbfca4cf6553c09b0f1f218133f,2013-10-08 11:15:00 UTC,2013-10-08 11:15:00 UTC,0,0.0,,,14,14,325.0,0.0,0.0,0.0,325.0,Cash,Dispatch Taxi Affiliation,41.968069,-87.721559063,POINT (-87.7215590627 41.968069),41.968069,-87.721559063,POINT (-87.7215590627 41.968069)
ea1747418db4ac61de66cd25fe6f239a3786ad03,b9365537031797f54f7e3c06ce06e3e22cf2bb223772cd512a8e9b9e7e23bb5545523e9a9ff1bdd317757a7f5939fb750b5ac9b26885a310d8ba1147674397e2,2014-12-04 07:15:00 UTC,2014-12-04 07:15:00 UTC,60,0.0,,,14,14,1945.0,0.0,0.0,0.0,1945.0,Cash,Taxi Affiliation Services,41.968069,-87.721559063,POINT (-87.7215590627 41.968069),41.968069,-87.721559063,POINT (-87.7215590627 41.968069)
ea1a7c9d964fe9c5e9d16cbe8944a59dfc566044,fe3715c762210bf8125ab6526991e131d98d1daa40884536856f5cdbaa9b73591e3aa901a93194be32030f58773b41592036a6f72344d0f83f2846ddc3fff760,2014-12-15 05:15:00 UTC,2014-12-15 05:15:00 UTC,0,0.0,,,14,14,325.0,0.0,0.0,0.0,325.0,No Charge,Dispatch Taxi Affiliation,41.968069,-87.721559063,POINT (-87.7215590627 41.968069),41.968069,-87.721559063,POINT (-87.7215590627 41.968069)
ea1ac996643d53d2342bdba503eda7bc21bfab0f,84522a85ee58de9e1dfd59459786cf9459b11889128b6ab448b516a63b55658098ecaed02c599c4960d1e188567ddcccff16e4f352c1cc0c9aa8b13c5ca913cd,2014-04-28 05:00:00 UTC,2014-04-28 05:15:00 UTC,420,0.0,,,14,14,605.0,0.0,0.0,0.0,605.0,Cash,Taxi Affiliation Services,41.968069,-87.721559063,POINT (-87.7215590627 41.968069),41.968069,-87.721559063,POINT (-87.7215590627 41.968069)
ea1b0456d54b4e8617c1060594109b34b33910f0,f6db72e04ae8ef4d6fd82c21bacd9599a3487e7ba5b829bda6ea839de54142e2ec85d280a49af6305aa413dce1e87b5cc097acf6650b85f16efee35a7b054a7d,2013-08-20 04:15:00 UTC,2013-08-20 04:30:00 UTC,240,1.0,,,14,14,565.0,0.0,0.0,0.0,565.0,Cash,,41.968069,-87.721559063,POINT (-87.7215590627 41.968069),41.968069,-87.721559063,POINT (-87.7215590627 41.968069)
ea1b724f724cd3d78ec0992d17cc3795300544a2,4a0c56e43c273763d5e5e89e656f5c79d5a31dbc588b16f02c5d7286e76cb2584c68c6286c1095a76dd0b734498e9ac7db3e2ba2a660d274ace7c968b6cddaf3,2015-03-10 12:45:00 UTC,2015-03-10 01:00:00 UTC,240,0.7,,,14,14,505.0,0.0,0.0,0.0,505.0,Cash,Taxi Affiliation Services,41.968069,-87.721559063,POINT (-87.7215590627 41.968069),41.968069,-87.721559063,POINT (-87.7215590627 41.968069)
ea1ba6bc74a9820f21d599676431135bc741857a,d3d8a3428eecf59c41424cb2678fdd4086212fa604305546626a4b44da48b0fa4f569ca851227f7d7f7c26bc6eb7a0c602c60f8036ab427cd594593f34e54b3d,2013-03-20 12:45:00 UTC,2013-03-20 12:45:00 UTC,0,0.0,,,14,14,325.0,0.0,0.0,0.0,325.0,Cash,,41.968069,-87.721559063,POINT (-87.7215590627 41.968069),41.968069,-87.721559063,POINT (-87.7215590627 41.968069)
ea1bdaca12037674b2401ea974ea42f3a821e3d6,018adeb3e0e0f1b8c78f37c4b99735005ea7acfe800ab82b00817f4411b6ca9f6dffee907b694af870546e5e5027c6a5340769f84e94ff7cb016c98368560dfd,2016-12-27 06:45:00 UTC,2016-12-27 07:00:00 UTC,960,4.0,,,14,14,1400.0,0.0,0.0,200.0,1600.0,Cash,,41.968069,-87.721559063,POINT (-87.7215590627 41.968069),41.968069,-87.721559063,POINT (-87.7215590627 41.968069)
ea1e5e2390968917fdaf54e8eb23078244da6d9e,5c4c20e8a22eab2d31b63bab6bdbd6e2302477c1576a82b0d5d82f30a4344005abb6c264532e272d797d9d1f6c6918458d9d594d3f5467a0519c2e67caff56b6,2015-05-08 02:45:00 UTC,2015-05-08 03:00:00 UTC,180,0.9,,,14,14,505.0,0.0,0.0,0.0,505.0,No Charge,Dispatch Taxi Affiliation,41.968069,-87.721559063,POINT (-87.7215590627 41.968069),41.968069,-87.721559063,POINT (-87.7215590627 41.968069)
ea250ec97a692e651b9e354619b18bf204afec40,ac20100b400539328350cf9c207644eeddaa57cd524663a8b7ab57c73b50ffc4d599f43c39008de0a6a20c59ce85be2b84df0d8ebb80e865997ccae56e926171,2016-01-12 01:30:00 UTC,2016-01-12 01:30:00 UTC,240,0.0,,,14,14,575.0,0.0,0.0,0.0,575.0,Cash,Taxi Affiliation Services,41.968069,-87.721559063,POINT (-87.7215590627 41.968069),41.968069,-87.721559063,POINT (-87.7215590627 41.968069)
ea2564ab322bba48c65d8992db95ae6ef6f40cf5,514cf6fcbb45930b05d82dadc8f9585c742d61e4323d5d9f4b90a8222efc5d95f8d9873bc28af6c1ec017c3ef9011b467d0f224f0b3c586ab1a96c2f31987022,2015-09-19 03:45:00 UTC,2015-09-19 03:45:00 UTC,240,1.1,,,14,14,545.0,0.0,0.0,100.0,645.0,Cash,Taxi Affiliation Services,41.968069,-87.721559063,POINT (-87.7215590627 41.968069),41.968069,-87.721559063,POINT (-87.7215590627 41.968069)
ea28ba78e9021921effa34e55fa53695879e1dd3,0e10402fec53ef38b58f3ca981fd038e0bc6c8ffec690673298c3203ff8cc907925b53cfffbfe164d2d1fce50290920897136826a0fb877c2a381749cb9fc270,2013-05-04 08:30:00 UTC,2013-05-04 08:30:00 UTC,120,0.5,,,14,14,425.0,0.0,0.0,0.0,425.0,Cash,,41.968069,-87.721559063,POINT (-87.7215590627 41.968069),41.968069,-87.721559063,POINT (-87.7215590627 41.968069)
ea2911900771d5abcd1e8ae06461c6eee7de731a,a04428213d2c8d9af75a38196f816c69458b06ab6051df6bc95ff4cce9b66bee0e53ab606249bf22bb8171b6aada19657ff7a099cefb8d93b71784c9403c62d9,2013-09-23 02:00:00 UTC,2013-09-23 02:15:00 UTC,420,1.5,,,14,14,685.0,0.0,0.0,0.0,685.0,Cash,,41.968069,-87.721559063,POINT (-87.7215590627 41.968069),41.968069,-87.721559063,POINT (-87.7215590627 41.968069)
ea2b9b33422bc91ca22280e2b3a9f0f3d6927abc,846e8e2586ed2dab6bf95be63e14e71cf001c3fa2c1c51f2124ac1d26c0aceec582b942e247fc70c4798b62a66ecc8acf9d09b6b7b0cde0a7c86eb785edd9ec7,2016-12-12 07:15:00 UTC,2016-12-12 07:15:00 UTC,600,0.1,,,14,14,675.0,0.0,0.0,0.0,675.0,Cash,,41.968069,-87.721559063,POINT (-87.7215590627 41.968069),41.968069,-87.721559063,POINT (-87.7215590627 41.968069)
ea37a5dea785d5587523063899d10cfad06ea43f,6e40cde8b457f0cc3f3a8dd7e9c003c5a24426433e5e51968c1fcf2e5c7765ee82f5f63ecf17ac629e98120b96387df76e22d47aba08d7e6b54bf465927f14c0,2017-02-21 01:00:00 UTC,2017-02-21 01:00:00 UTC,180,0.9,,,14,14,525.0,0.0,0.0,0.0,525.0,Cash,,41.968069,-87.721559063,POINT (-87.7215590627 41.968069),41.968069,-87.721559063,POINT (-87.7215590627 41.968069)
ea2eb8a393c49616ab9fe136a34a60af656a427b,41b52039f81d93468b1686459508da86e96d96e6c8d71576ff435da42e98887803fdf9c598ffeecfc8b33ace5fc07c728aec1a2aa11dd5bcdbebc70c407c593c,2014-06-14 02:45:00 UTC,2014-06-14 03:00:00 UTC,780,3.6,,,14,14,1105.0,0.0,0.0,0.0,1105.0,Cash,,41.968069,-87.721559063,POINT (-87.7215590627 41.968069),41.968069,-87.721559063,POINT (-87.7215590627 41.968069)
ea3008e6881a7b57d587fb6a1d429d09e39876ab,7451df09e230673241da1f39213f5f18725f1d02631bae0c987a67fde99c6876dac1335d8714f59ef6582d414720fb7f9165465ebd5c7b1f1c4728e8c8d402d9,2013-07-13 10:30:00 UTC,2013-07-13 10:45:00 UTC,660,2.4,,,14,14,865.0,0.0,0.0,0.0,865.0,Cash,,41.968069,-87.721559063,POINT (-87.7215590627 41.968069),41.968069,-87.721559063,POINT (-87.7215590627 41.968069)
ea31986d46d70382d233a5c1fd9c10a310aaf11d,3a27defb5d45f78ffccdc4b08f679a5d75f4bdebf9f9c07bb962ca7c39ba9b9675e769ba113e0c9e24d7f75d2197f3f815b4f7a099808da18bb28912a52bdeff,2016-12-13 08:30:00 UTC,2016-12-13 08:30:00 UTC,0,0.0,,,14,14,325.0,0.0,0.0,0.0,325.0,Cash,,41.968069,-87.721559063,POINT (-87.7215590627 41.968069),41.968069,-87.721559063,POINT (-87.7215590627 41.968069)
ea31aa57f6f06276172f28c22e7e859672c7e3f3,3be6539c6e8a5c91f933c43f9460b89b2becee28637cd6cc392e5b152809beb822e4897af71c82ed37d21c02411153e20889265756e76878831467d20df375ec,2013-09-29 11:15:00 UTC,2013-09-29 11:15:00 UTC,360,0.0,,,14,14,565.0,0.0,0.0,0.0,565.0,Cash,Blue Ribbon Taxi Association Inc.,41.968069,-87.721559063,POINT (-87.7215590627 41.968069),41.968069,-87.721559063,POINT (-87.7215590627 41.968069)
ea3219f9d3654557cb76da66194f76702d284e79,b25ce9a165730feff83a3e26e32b0333cb886498560ba222b188e43ca2e47974f044f97d253c9aeab15849abd59f0b7a2055756eb503ae80b77aaf7bf21976a3,2015-02-09 07:00:00 UTC,2015-02-09 07:00:00 UTC,0,0.1,,,14,14,325.0,0.0,0.0,0.0,325.0,No Charge,Dispatch Taxi Affiliation,41.968069,-87.721559063,POINT (-87.7215590627 41.968069),41.968069,-87.721559063,POINT (-87.7215590627 41.968069)
ea3353e3707516085bf33fe807de0443f61fc53b,a0aeba38e8e4402fe3e71d4ba092946618b9513e4ba7b13f8ff3ca8ed27a152d64b7189773d634ad77e545871e7ce6a5d0857376544e8c55dbb73e4d988fd375,2015-10-21 05:30:00 UTC,2015-10-21 05:30:00 UTC,0,0.0,,,14,14,325.0,0.0,0.0,0.0,325.0,Cash,Taxi Affiliation Services,41.968069,-87.721559063,POINT (-87.7215590627 41.968069),41.968069,-87.721559063,POINT (-87.7215590627 41.968069)
ea342f03d444e0dff524aeda00978c44c080a3f7,3999f1ab26daf46b5ae16bd189247b82a5634f2a6d29380549a28c92cb6fef38b2ff38db2f12029600b785125fc1598bd239f1a86204aba03b7c0cab45201740,2013-10-06 05:45:00 UTC,2013-10-06 06:00:00 UTC,300,1.2,,,14,14,585.0,0.0,0.0,0.0,585.0,No Charge,Dispatch Taxi Affiliation,41.968069,-87.721559063,POINT (-87.7215590627 41.968069),41.968069,-87.721559063,POINT (-87.7215590627 41.968069)
ea3ef3f8b81c5cd50e42de02c3dc2ce890dcf884,2f2cb1883a72f863ec4961a3a5fd414c893e2bece6c5b4469aebc5acb5ffbbffbd69a81c0b62201a725b405f7db41b728853ea8641ee7bec1d46b53ee8525bf4,2015-12-13 05:00:00 UTC,2015-12-13 05:00:00 UTC,180,1.1,,,14,14,545.0,0.0,0.0,0.0,545.0,Cash,,41.968069,-87.721559063,POINT (-87.7215590627 41.968069),41.968069,-87.721559063,POINT (-87.7215590627 41.968069)
ea359315b9ad0a0bbbbe7f34adf958e470cb29ec,c49f0ddc62fe52ff6d19832b7168a6818f17d8ccb7f59a3ccd0780f33a0df1056e0055ab7f85477a0cd90c279506e0d1317a5d4a3ea959ae24eb1b25f476674d,2014-12-31 08:30:00 UTC,2014-12-31 08:30:00 UTC,0,0.0,,,14,14,325.0,0.0,0.0,0.0,325.0,Cash,Taxi Affiliation Services,41.968069,-87.721559063,POINT (-87.7215590627 41.968069),41.968069,-87.721559063,POINT (-87.7215590627 41.968069)
ea35c1a78be9e846fe62a9b35216146fdea16e24,d162896aa2e2b9ee5f2bf261ee3f7aff94e90146601f67b1604f6b75313397c1879cf7baf4aa01d74b6ded00031e0d865d7938467d55bd50b4617164c013bd6a,2015-06-29 06:30:00 UTC,2015-06-29 07:00:00 UTC,2040,14.32,,,14,14,3125.0,831.0,0.0,200.0,4156.0,Credit Card,,41.968069,-87.721559063,POINT (-87.7215590627 41.968069),41.968069,-87.721559063,POINT (-87.7215590627 41.968069)
ea390427c3c4e03d6ce049e4e1c483490b02dd0d,e3d1ed9d4a533ba9a039e62350a7bc16cc4bb7cb3465590785865df0829711d8388a432a8b3197f770dca64e79d8282151072493d269f97f589bd465a3dd0c98,2017-01-27 09:15:00 UTC,2017-01-27 09:15:00 UTC,180,0.0,,,14,14,400.0,0.0,0.0,0.0,400.0,Cash,Dispatch Taxi Affiliation,41.968069,-87.721559063,POINT (-87.7215590627 41.968069),41.968069,-87.721559063,POINT (-87.7215590627 41.968069)
ea398b0b0124e15763852f696c6147066b5e9f81,a8b321e65e30ae773e66b41043b936077260f5c0090a345b678b724c74b5c36a5c22443e7118b29c51cdea16ff56cf3a9628ea2c55655effad5ea6971f4fb598,2013-04-05 04:45:00 UTC,2013-04-05 04:45:00 UTC,0,0.0,,,14,14,325.0,0.0,0.0,0.0,325.0,Cash,Taxi Affiliation Services,41.968069,-87.721559063,POINT (-87.7215590627 41.968069),41.968069,-87.721559063,POINT (-87.7215590627 41.968069)
ea39961396f8f910a1d4d91b4e0ffef04d6e7dc7,87f0348c8e031810b6c419eac7153a1132a7c37ac1355810b50745c84df865f75a2646a9032a9cc9b1099188c97a32fcb9bd076c262a95579332f5f62cf6bf53,2015-04-05 01:45:00 UTC,2015-04-05 01:45:00 UTC,240,1.4,,,14,14,585.0,0.0,0.0,0.0,585.0,Cash,Dispatch Taxi Affiliation,41.968069,-87.721559063,POINT (-87.7215590627 41.968069),41.968069,-87.721559063,POINT (-87.7215590627 41.968069)
ea3b478115b9392bcf66a018b65a8faae47594f5,02b8e2d9557a991c66ea3872d69cc1a8e0472d72a9b0bc0df63a6b02318ef2a457b85044f996a84936a0e2c0fa0922bfb7ac2e91f134fbe78a38b1a14011de42,2014-11-02 09:15:00 UTC,2014-11-02 09:15:00 UTC,180,0.0,,,14,14,465.0,150.0,0.0,0.0,615.0,Credit Card,Taxi Affiliation Services,41.968069,-87.721559063,POINT (-87.7215590627 41.968069),41.968069,-87.721559063,POINT (-87.7215590627 41.968069)
ea3c2826d95de5246a6125034f017d9eaa88800d,ec806bf321fe3ce27a05dff30ce100f363d0639eab2381250e221ec649d7eca39b88d129abc59639c191ec9770848253134de9e037710f5b389960bbae525724,2013-07-25 07:30:00 UTC,2013-07-25 07:30:00 UTC,180,0.0,,,14,14,485.0,0.0,0.0,0.0,485.0,Cash,Taxi Affiliation Services,41.968069,-87.721559063,POINT (-87.7215590627 41.968069),41.968069,-87.721559063,POINT (-87.7215590627 41.968069)
ea3de70aa1b68e6c9e3c77846d54c30eae0a48d2,4a5d86af54b389e716ec1c3a1108ad10ee29d3e45381641b2d8a9e8632cf8d093e4fbc17186f04cb04276c89b034bdf24accb601d8d2a9ba5703cd2c1bd881c9,2016-01-29 11:15:00 UTC,2016-01-29 11:30:00 UTC,120,0.8,,,14,14,500.0,0.0,0.0,100.0,600.0,Cash,,41.968069,-87.721559063,POINT (-87.7215590627 41.968069),41.968069,-87.721559063,POINT (-87.7215590627 41.968069)
ea40ecaf44366386f0b3d0e8be573ce60a6d2df2,d40bbb50c5066070c0f1747550310043146d954a1e8ded5f02b849e614c7bbd3197865add14570e807837ed5824a57f128bd75c158b7e51a84d6dc10fe62d4af,2015-11-13 11:15:00 UTC,2015-11-14 12:00:00 UTC,2880,10.3,,,14,14,2185.0,596.0,0.0,200.0,2981.0,Cash,,41.968069,-87.721559063,POINT (-87.7215590627 41.968069),41.968069,-87.721559063,POINT (-87.7215590627 41.968069)
ea45403d1547f284cc8b6b84f60d7f5fa172b4cb,4f1e94982e6851725add382f7981d64006ae7c38f3664f6575ef12ab44c1c6af6e02524b142e95c1d10974f66b6a2eda0d332643b01607e2ca3ff2a7241f6dee,2017-04-30 08:30:00 UTC,2017-04-30 08:45:00 UTC,240,1.1,,,14,14,575.0,0.0,0.0,0.0,625.0,Credit Card,,41.968069,-87.721559063,POINT (-87.7215590627 41.968069),41.968069,-87.721559063,POINT (-87.7215590627 41.968069)
ea46f842e0ce669eaf9d19295d8443f5bffbdb17,29e9c1f8071508e15fe99c12fae2e0e25949a618458f2383199a9c5e18f97a7d72aa451fb97144a238872d24e5a74e997334afa08827eee4ca45b4aa15e539ad,2013-05-27 07:00:00 UTC,2013-05-27 07:00:00 UTC,0,0.0,,,14,14,325.0,0.0,0.0,0.0,325.0,Cash,Taxi Affiliation Services,41.968069,-87.721559063,POINT (-87.7215590627 41.968069),41.968069,-87.721559063,POINT (-87.7215590627 41.968069)
ea48e598f87fb6d43731886f8006dbcee81239f9,646880db83de7381a22c7f6931e1ce522ecfe56d76cc77623ce598cb5059150cea2d5919188cd25d84fb1ec571292a37ba2da97ee1f3ad7529a7a3d9d16bbee0,2016-07-15 11:45:00 UTC,2016-07-16 12:00:00 UTC,120,0.5,,,14,14,425.0,0.0,0.0,0.0,425.0,Cash,Dispatch Taxi Affiliation,41.968069,-87.721559063,POINT (-87.7215590627 41.968069),41.968069,-87.721559063,POINT (-87.7215590627 41.968069)
ea49d1a6a8d565edd8c32b73e23fc1221c131fbf,d838e92d6b588e5051410f9646f42c45c96ddb445d28a72bb7b4a8f209821ac53379877d4f01d8610761ef7993b1250d184afa1c0da3c0313e03c71c05daa3a6,2014-05-29 03:30:00 UTC,2014-05-29 03:30:00 UTC,0,0.0,,,14,14,35.0,0.0,0.0,0.0,35.0,Cash,,41.968069,-87.721559063,POINT (-87.7215590627 41.968069),41.968069,-87.721559063,POINT (-87.7215590627 41.968069)
ea4a49305f061f64fd7f5719ed223804e41233aa,c98279e9a64942bce4698cd9b6383400d11a62273453b5310ec8c2fd9fc376db851c4b23f872527fdcbcaee881305f5a467da8ddebed1143f9acb7e21d9e5782,2016-04-09 07:15:00 UTC,2016-04-09 07:30:00 UTC,420,2.0,,,14,14,825.0,200.0,0.0,0.0,1025.0,Credit Card,,41.968069,-87.721559063,POINT (-87.7215590627 41.968069),41.968069,-87.721559063,POINT (-87.7215590627 41.968069)
ea4a8cf1420f1be08b4d7db2a3afae8bd27e8609,1121f27f1e531083ea7cef5349801c227ae8e000c7bcbe3b45b62aab486cbee743f8b62d694697ebbce0badd584c0d2e95dbd8e66f2650d1ea1ad357d46c6454,2013-07-05 12:45:00 UTC,2013-07-05 12:45:00 UTC,0,0.1,,,14,14,325.0,0.0,0.0,0.0,325.0,Cash,,41.968069,-87.721559063,POINT (-87.7215590627 41.968069),41.968069,-87.721559063,POINT (-87.7215590627 41.968069)
ea4c8af8b0af8f55866374933d212b5859ad4c02,ff31006332ba8816d747b0d2e002d6aaf4187fd1f3728cc34f6b1ea222011d2cdd6dbd5d0283a5026c7c000b236f1741516527ba314bc732dc93fda5976bd737,2014-07-15 11:00:00 UTC,2014-07-15 11:00:00 UTC,0,0.0,,,14,14,325.0,0.0,0.0,0.0,325.0,Cash,Taxi Affiliation Services,41.968069,-87.721559063,POINT (-87.7215590627 41.968069),41.968069,-87.721559063,POINT (-87.7215590627 41.968069)
ea4d78a7f3564a30784aedda972f519c374a39f5,bb0a5453416563998f2c5b11c17e497689270e336a7887d017baa0c19374b2505ad701ded56371b81cb063e7f35f91c018a8ef1b3beb29ba72a20594c2c83f45,2013-09-28 06:00:00 UTC,2013-09-28 06:00:00 UTC,120,0.0,,,14,14,445.0,0.0,0.0,0.0,445.0,Cash,Taxi Affiliation Services,41.968069,-87.721559063,POINT (-87.7215590627 41.968069),41.968069,-87.721559063,POINT (-87.7215590627 41.968069)
ea51238cb506f189ad3e503b8fcdf855940be7c1,4338d505c2d076e5434fcc2f6547636e6f989a2ac7a28ecff8fae9be3e757c558ea173439d70bc28bbd6bf3ca0eb403694a0c6009a4a940f1b7d4fd7a8ab86d2,2013-10-03 02:30:00 UTC,2013-10-03 02:30:00 UTC,0,0.0,,,14,14,325.0,0.0,0.0,0.0,325.0,Cash,Dispatch Taxi Affiliation,41.968069,-87.721559063,POINT (-87.7215590627 41.968069),41.968069,-87.721559063,POINT (-87.7215590627 41.968069)
ea516abcdd02d94b9120c4051205857bd593454f,4077b6d5d9faa02d0516e7edf62ad50ddef0865e9dd8974b79b0e5cb221c957dd7bc4f916f4086a62fa835f1ef81aceb10a48f02eff945cd440bcc39840ffa33,2014-07-18 05:00:00 UTC,2014-07-18 05:00:00 UTC,120,0.0,,,14,14,385.0,0.0,0.0,150.0,535.0,Credit Card,Choice Taxi Association,41.968069,-87.721559063,POINT (-87.7215590627 41.968069),41.968069,-87.721559063,POINT (-87.7215590627 41.968069)
ea52abcfbcb6e734c92a4df9874e18d84aae629b,cd83cfd25c229da8eb9bedfd1b2e7c7dc2d647d77739d466079da1cdc19bc49c27fc4e0eea83174374bf8149a9e90e8a9d0feb135262f368a50e2f1f94504429,2014-02-07 05:00:00 UTC,2014-02-07 05:00:00 UTC,360,0.0,,,14,14,525.0,0.0,0.0,0.0,525.0,Cash,Dispatch Taxi Affiliation,41.968069,-87.721559063,POINT (-87.7215590627 41.968069),41.968069,-87.721559063,POINT (-87.7215590627 41.968069)
ea532dfaa4eb536f45425d0d0b067b3fc363a38b,084b422a6d13f5d6b7be4a235cb6cc68363b39f24536de067c32f9782facab290f3239abd2da7d39eed335165d3b8423f822371ab16d754acaa41efc91211b12,2017-02-18 02:00:00 UTC,2017-02-18 02:00:00 UTC,0,0.0,,,14,14,325.0,0.0,0.0,2800.0,3125.0,Cash,Northwest Management LLC,41.968069,-87.721559063,POINT (-87.7215590627 41.968069),41.968069,-87.721559063,POINT (-87.7215590627 41.968069)
ea535cabf44ac49325215b2496b2df4983d5f0af,cfee0ed5f6fc991e0676185e33e05756684b245a257633a92796dce005da097898c2df09c21e8b825f8a183b15e9194d7138feaebb6de8d7b35b95575e7d828e,2013-04-21 10:00:00 UTC,2013-04-21 10:15:00 UTC,480,1.0,,,14,14,625.0,0.0,0.0,150.0,775.0,Cash,,41.968069,-87.721559063,POINT (-87.7215590627 41.968069),41.968069,-87.721559063,POINT (-87.7215590627 41.968069)
ea546c8898b3d37f39454178f02a67b77b147f01,2a90cc6d8166736176301e0d4b188d6f98eb04a4d69fc83a4ba2d7a7609bb7a43f66fd83cd2ae665a78675f77edc733b899d315c0be4cf9b23daa3ca49eab722,2014-10-02 02:30:00 UTC,2014-10-02 02:45:00 UTC,840,0.5,,,14,14,805.0,0.0,0.0,0.0,805.0,Cash,,41.968069,-87.721559063,POINT (-87.7215590627 41.968069),41.968069,-87.721559063,POINT (-87.7215590627 41.968069)
ea54b19233902c24b0f16e163a3c424dcc5bd157,78577da1f3a925bb4133a9b773f5998cec07219c6112dc785aea4a7cc2d08c4e698ef687a64ef2c2401678ad0a9337ce1faeb9e7e74dea25d08f61b610637dc9,2013-11-24 07:00:00 UTC,2013-11-24 07:00:00 UTC,0,0.0,,,14,14,325.0,0.0,0.0,0.0,325.0,Cash,Taxi Affiliation Services,41.968069,-87.721559063,POINT (-87.7215590627 41.968069),41.968069,-87.721559063,POINT (-87.7215590627 41.968069)
ea54c1d6b9c818eaf0b35629b246949dbddee04a,bc1008a31e3cd4f2da2b3a1ccb6a7f65a0f4ff883a1ee622f5d8e2225b14f57bdcb75a487622a5a8ef3dcda01bf675fc0396b5a2d671d2e9fb716eb67b131943,2014-02-03 02:30:00 UTC,2014-02-03 02:30:00 UTC,180,0.5,,,14,14,445.0,0.0,0.0,0.0,445.0,Cash,Taxi Affiliation Services,41.968069,-87.721559063,POINT (-87.7215590627 41.968069),41.968069,-87.721559063,POINT (-87.7215590627 41.968069)
ea553ca6d736606f1bcc35e550fd06497389d958,2f4ea9dbfb46ba5bab5ef7342d7d957916e14cd1159983c06b3bce163d8ae2461309fbfb7079666fdf8ec21e21837f83e7220f9bc9e500404643debc899d9ce6,2014-10-01 09:45:00 UTC,2014-10-01 09:45:00 UTC,60,0.7,,,14,14,445.0,0.0,0.0,0.0,445.0,Cash,,41.968069,-87.721559063,POINT (-87.7215590627 41.968069),41.968069,-87.721559063,POINT (-87.7215590627 41.968069)
ea556e6254542913f3cbae0bb7a56722f048d52d,a0110dd28d41b78a172ea00756b9e6bc64406a38d3335548882b5858675b69829c9cc421a4af17f29438ad89a12716c854c92dd9458b7dd2c81b1249351d85db,2013-01-09 10:45:00 UTC,2013-01-09 10:45:00 UTC,300,0.0,,,14,14,605.0,100.0,0.0,0.0,705.0,Credit Card,Taxi Affiliation Services,41.968069,-87.721559063,POINT (-87.7215590627 41.968069),41.968069,-87.721559063,POINT (-87.7215590627 41.968069)
ea606146dc34c041b75fb8f58c13f2941a434865,62856e8ed14ce71738c14ec7cbc70d9bb570bd7048eccfa1a6617277bacfa1d1cb04dd10dff3a147e11d504060d85130eed5550dc79156df95dabf948c750812,2015-02-17 08:45:00 UTC,2015-02-17 08:45:00 UTC,240,0.9,,,14,14,505.0,0.0,0.0,0.0,505.0,Cash,,41.968069,-87.721559063,POINT (-87.7215590627 41.968069),41.968069,-87.721559063,POINT (-87.7215590627 41.968069)
ea5b6022e13a5c45399d7bcbc968ddd68ed1f491,0642efa0706335c4f47ec1f5d0f84bbc4cedaeb693a0f4ccdb39c0e88bc7b266e7030d46b59e379fdac0257d144f252520e12897429ce8da7981b9752fbd6736,2014-03-21 11:45:00 UTC,2014-03-21 11:45:00 UTC,180,0.7,,,14,14,465.0,0.0,0.0,100.0,565.0,Cash,,41.968069,-87.721559063,POINT (-87.7215590627 41.968069),41.968069,-87.721559063,POINT (-87.7215590627 41.968069)
ea7b548ef0544a67d2afcf383cd085b1c5e93a52,b30caa2d89f8ad2bfcf5a82177a1a73b56bffe622beab4527fbdcbfb055a49447ebe01ebe9437626fa613dddf8cd076230b641b2cc7115814629e2125f48e180,2016-02-12 01:30:00 UTC,2016-02-12 01:30:00 UTC,0,0.0,,,14,14,325.0,0.0,0.0,0.0,325.0,Cash,,41.968069,-87.721559063,POINT (-87.7215590627 41.968069),41.968069,-87.721559063,POINT (-87.7215590627 41.968069)
ea600ba2e3a5ca7afa214c36e47b892209ded046,aafe2cb9e0f06a82f8b995a8292190fed97bc4b41f04d324302715717b36fb8344ae543892dd932b1a4e4dc24d54b28f8a5e10de7a1a9d17fe329e282c7e478f,2015-02-05 03:00:00 UTC,2015-02-05 03:00:00 UTC,0,0.0,,,14,14,12345.0,0.0,0.0,0.0,12345.0,Cash,,41.968069,-87.721559063,POINT (-87.7215590627 41.968069),41.968069,-87.721559063,POINT (-87.7215590627 41.968069)
ea617334b4f8406863107ee7276cf34020af3603,ba7fe17332e5904c0457fc5b886bf8a0da57dacb98a801b8f6d085277b0815ff4440273ff05d4cb7161c717883b58eeb5f531e4069ff69effbfbf45cfc4ccc51,2015-10-21 06:45:00 UTC,2015-10-21 06:45:00 UTC,0,0.0,,,14,14,325.0,0.0,0.0,0.0,325.0,Cash,Taxi Affiliation Services,41.968069,-87.721559063,POINT (-87.7215590627 41.968069),41.968069,-87.721559063,POINT (-87.7215590627 41.968069)
ea61865de676af46db1b1ff9b4b2734c221791ee,765ebdbe7aa4eeec34d0b6bd17178a1529eb88551a1155bdf337a42e4c7614f1f62ba1f2d04cf135b17a4fceaf049d756787d8a41dafb1609ed54af7e9d36273,2014-06-25 12:15:00 UTC,2014-06-25 12:15:00 UTC,0,0.0,,,14,14,325.0,0.0,0.0,0.0,325.0,Cash,Taxi Affiliation Services,41.968069,-87.721559063,POINT (-87.7215590627 41.968069),41.968069,-87.721559063,POINT (-87.7215590627 41.968069)
ea62f77ad65c0fdcb7a62484173560585d214a2c,94ad5f5260465d0f8ba02fce0da9c9b50e9e7fbd066c1e6d8209d6591d76c347ba3253763d10f809332166415fe6aa45732cd8e6bf0ed2ebacc9e5b3479543e0,2013-09-09 05:30:00 UTC,2013-09-09 06:45:00 UTC,3660,8.5,,,14,14,3145.0,0.0,0.0,0.0,3145.0,Cash,,41.968069,-87.721559063,POINT (-87.7215590627 41.968069),41.968069,-87.721559063,POINT (-87.7215590627 41.968069)
ea683eb45a82566a0fa94e44922fc8b488b13e3e,fde19ec03aff596c336d61b096d8c2397829369021f366c7c49588bebc4192bc07debb26b6bee98b7f8836269b1453932c1866b1fb6e6c2c9f3c8c4cae559918,2013-09-25 11:30:00 UTC,2013-09-25 11:30:00 UTC,180,0.0,,,14,14,445.0,0.0,0.0,0.0,445.0,Cash,Taxi Affiliation Services,41.968069,-87.721559063,POINT (-87.7215590627 41.968069),41.968069,-87.721559063,POINT (-87.7215590627 41.968069)
ea68d11b47b7e342908e5a7b607b6644635a8dfb,e4d2b51afd55e194c2dad3e89367bf6c6efb502bc7f2aaa036c582b916e71e09f6e4e600b228def17fba97c7dee030c2aa4d24d8a3bf9a301eaa919556782fdb,2015-03-29 09:15:00 UTC,2015-03-29 09:30:00 UTC,480,0.0,,,14,14,725.0,0.0,0.0,0.0,725.0,Cash,Taxi Affiliation Services,41.968069,-87.721559063,POINT (-87.7215590627 41.968069),41.968069,-87.721559063,POINT (-87.7215590627 41.968069)
ea6ca53e60b04df80a139b136dd671dcd7f7c3e1,fbc384ef387f40d35e137bac2b349ca32d30d169a4fc0db1c469aa6e5c88fb5dcabd4858a49d5f5f7f004c3aab0ebb456a09f222015f9a56156e089067f13eed,2016-09-27 04:00:00 UTC,2016-09-27 04:00:00 UTC,120,0.0,,,14,14,375.0,0.0,0.0,0.0,375.0,Cash,,41.968069,-87.721559063,POINT (-87.7215590627 41.968069),41.968069,-87.721559063,POINT (-87.7215590627 41.968069)
ea6d1ba7d0f17f48d96ef3940ff31a26bedb7f4a,763af8f28a9847843fc7e510d43bb3db17b1094f371d081a6ddc992c87f3800d4f6eae7435df8ea8ef5e52f6c47d8bf3a5b687e0d7fe61c39e9286262355a11b,2014-11-08 01:30:00 UTC,2014-11-08 01:30:00 UTC,300,1.3,,,14,14,585.0,0.0,0.0,0.0,585.0,Cash,Dispatch Taxi Affiliation,41.968069,-87.721559063,POINT (-87.7215590627 41.968069),41.968069,-87.721559063,POINT (-87.7215590627 41.968069)
ea6ec440bb79fd44840535a382ac7cd55bbc39da,3d3472622ccc9f3a934b720530b57145b010f60cd2e91640020603fea7033d17010194626e79e196b96ff38b9f64345a8b9033aad496b6a208a2c97b1a4ca494,2013-01-22 05:15:00 UTC,2013-01-22 06:00:00 UTC,3120,16.5,,,14,14,4025.0,0.0,0.0,0.0,4025.0,Cash,Northwest Management LLC,41.968069,-87.721559063,POINT (-87.7215590627 41.968069),41.968069,-87.721559063,POINT (-87.7215590627 41.968069)
ea6ee744107f2488b3458c0bf2837ea00c23aaf3,4923b6c4d0e73f1cb052c0b7833dc1e76d9b31ad5c20c75d9280e48d1a4e8d45eadc81877953654f6169cf534c6be7e355461e7ad094b8e7d9c7cd055cfbfc72,2014-12-13 01:15:00 UTC,2014-12-13 01:15:00 UTC,180,0.9,,,14,14,484.0,0.0,0.0,100.0,584.0,Cash,,41.968069,-87.721559063,POINT (-87.7215590627 41.968069),41.968069,-87.721559063,POINT (-87.7215590627 41.968069)
ea703c194b19ed0de74e9d5b7c2c70525f6a415d,9703e1392053fcc0fe57e1a2d9eafce47d4582d2fb158088f560933d6af95b77edcd7badf62fd6d9eb3a9915c6bd0901ad15c5a52e88f9769069c96adc7c866c,2013-03-02 11:45:00 UTC,2013-03-02 12:00:00 UTC,300,0.0,,,14,14,485.0,0.0,0.0,0.0,485.0,Cash,Blue Ribbon Taxi Association Inc.,41.968069,-87.721559063,POINT (-87.7215590627 41.968069),41.968069,-87.721559063,POINT (-87.7215590627 41.968069)
ea70bf6a399a4454019fa7c4049f45bf65ea8ca2,06f79ca21abf264c71d54bbc85ea74802099d681476d4d7aafb63426f8149dcb3eb677e5fc9394f1eca733a0a097196eac7a78c529598fb9f651206f1cd218b1,2015-06-13 11:45:00 UTC,2015-06-13 11:45:00 UTC,0,0.0,,,14,14,325.0,0.0,0.0,300.0,625.0,Cash,Dispatch Taxi Affiliation,41.968069,-87.721559063,POINT (-87.7215590627 41.968069),41.968069,-87.721559063,POINT (-87.7215590627 41.968069)
ea72a9fb4765e40acf233e443329556dbf123033,3e19764a66e0bcfb14efda531ba40c042bbccf2c08811919e5647986bcd173e16d3a265b0be649605885a2f89d4b59c0f2d5deb3fdca65b1d5d4b497b21a65f0,2014-06-04 09:45:00 UTC,2014-06-04 10:00:00 UTC,480,2.1,,,14,14,765.0,0.0,0.0,100.0,865.0,Cash,Taxi Affiliation Services,41.968069,-87.721559063,POINT (-87.7215590627 41.968069),41.968069,-87.721559063,POINT (-87.7215590627 41.968069)
ea731fef954d43b918d1c390d79d296b8c666291,60910b6a628ce49f89a0e9965fe37e9dd290ce61c71ea59a2af1799935b02064a9d87cf6958dec02cd18e1137c53cd66565c92c70c026de78a204e5bb5690373,2014-10-10 07:45:00 UTC,2014-10-10 08:00:00 UTC,1020,3.92,,,14,14,1365.0,0.0,0.0,100.0,1465.0,Cash,,41.968069,-87.721559063,POINT (-87.7215590627 41.968069),41.968069,-87.721559063,POINT (-87.7215590627 41.968069)
ea732ef156e3d13ece87dd55b20b828b2c1333a2,7cb607b940a690e65b20dec20182d2646d3306f725130c6567b45dff33b1d5b065399e33615a630057f59f9c6e9c8d019c2797dcaa8020e19af7fceaa71f3d2a,2016-05-13 02:00:00 UTC,2016-05-13 02:00:00 UTC,0,0.0,,,14,14,325.0,0.0,0.0,50.0,375.0,Cash,,41.968069,-87.721559063,POINT (-87.7215590627 41.968069),41.968069,-87.721559063,POINT (-87.7215590627 41.968069)
ea758a8e1210b8e29000ec28dc5cdeea6db4bd97,4c2abceffcdab0450f97ef953c1df2023f0a53099347c827df7896d87d368ccfa13ca8d2d2bac06d6270271823f36162bcfd42ac0c1454887ad314111c6b304b,2013-09-22 09:45:00 UTC,2013-09-22 10:00:00 UTC,720,3.5,,,14,14,1025.0,0.0,0.0,0.0,1025.0,Cash,Top Cab Affiliation,41.968069,-87.721559063,POINT (-87.7215590627 41.968069),41.968069,-87.721559063,POINT (-87.7215590627 41.968069)
ea88911cd08a1a8ded9c07e87b829e597a23cbf7,fb61583f0b732a39f08c04267cd6b923c05ccfb9baffb187f5fbf835473cee4466eb437fe5e5b8507edde5a8f90fe03c227822d00b48643eee2053ab99bd13a2,2014-10-18 04:00:00 UTC,2014-10-18 04:00:00 UTC,60,0.5,,,14,14,405.0,0.0,0.0,0.0,405.0,Cash,,41.968069,-87.721559063,POINT (-87.7215590627 41.968069),41.968069,-87.721559063,POINT (-87.7215590627 41.968069)
ea7839af9a85d1f1cc8e7dd81187a04561405abc,c381062fedb173b99266e896dd47f45f966410f69a8cbcc2789bccd3afc892e9cbbc3e2984e4f741bc4095407302196f20f5bb0125d469a97b693aa35b9ab670,2014-07-01 08:45:00 UTC,2014-07-01 09:00:00 UTC,1080,3.94,,,14,14,1265.0,253.0,0.0,0.0,1518.0,Credit Card,,41.968069,-87.721559063,POINT (-87.7215590627 41.968069),41.968069,-87.721559063,POINT (-87.7215590627 41.968069)
ea7c25f055a6f05cf0ecc442de5ab2e87b80a0c1,c02da719ff30da52a80533aedcada63fa51c072cc4287d483d9892bb7584efafce00a161c3bd28dfdbc05fff331726bc9e83950e6f1fccdac4ab508466dfccda,2015-10-28 06:00:00 UTC,2015-10-28 06:00:00 UTC,0,0.0,,,14,14,325.0,0.0,0.0,0.0,325.0,Cash,Dispatch Taxi Affiliation,41.968069,-87.721559063,POINT (-87.7215590627 41.968069),41.968069,-87.721559063,POINT (-87.7215590627 41.968069)
ea7ceec770b59ac4691c764c5cedd96ee0536a1d,619d7f91e6a7a6573615b4797d6788f93b78d1ac466f3c7f7fe10ff017086b435d221f92213851159e573ffa39b911a509af9be6a36236268393458e00015a5e,2014-11-06 07:00:00 UTC,2014-11-06 07:00:00 UTC,0,0.0,,,14,14,325.0,0.0,0.0,0.0,325.0,Cash,Taxi Affiliation Services,41.968069,-87.721559063,POINT (-87.7215590627 41.968069),41.968069,-87.721559063,POINT (-87.7215590627 41.968069)
ea7d8dea14f83ad53a028fe8d2e7086f258ab544,5d2b9ba881b384dd9f20e80307df3d1797a19ed12da001688a6ffde8a8d229f3e5821e90f8cd7abe187754eda07fdfe685d2f495671f7f31ae424318ffaef625,2015-12-29 06:30:00 UTC,2015-12-29 06:30:00 UTC,0,0.0,,,14,14,325.0,0.0,0.0,0.0,325.0,Cash,Dispatch Taxi Affiliation,41.968069,-87.721559063,POINT (-87.7215590627 41.968069),41.968069,-87.721559063,POINT (-87.7215590627 41.968069)
ea8112423e946db524fbccca1701fa7d2adc8972,d2602cb4eab81d9227cd17a415cec4099309d84ff8520ceda6908811ad4289f855504cf8f13b4146da252abf947b2edafcc572a7d0137d502de95bca93ef097e,2014-01-24 05:00:00 UTC,2014-01-24 05:00:00 UTC,60,0.1,,,14,14,365.0,0.0,0.0,0.0,365.0,Cash,,41.968069,-87.721559063,POINT (-87.7215590627 41.968069),41.968069,-87.721559063,POINT (-87.7215590627 41.968069)
ea8166381468e8ab1a3e696cc41c2c8e395200ab,30aa74c8899a84ebf29da4659e9a50edd1324c50dc5683fc171b292df2b1a75b14938bbd9df55a2a8485fe55e98777aaa1093e544add2133e6a5116a6fb57c62,2013-12-17 07:30:00 UTC,2013-12-17 07:45:00 UTC,780,0.0,,,14,14,745.0,0.0,0.0,0.0,745.0,Dispute,Choice Taxi Association,41.968069,-87.721559063,POINT (-87.7215590627 41.968069),41.968069,-87.721559063,POINT (-87.7215590627 41.968069)
ea819c877ccb4045ddee432a6977a1889467e916,ee97564f06fa3d9f3b91c737e2fba31d61078abc92c685fd46e01411eed365385d2501851102c85600eb64b51293ec0c778005379297e739e56ea79efc83f3f8,2017-02-04 10:15:00 UTC,2017-02-04 10:30:00 UTC,960,1.9,,,14,14,1000.0,0.0,0.0,0.0,1000.0,Cash,,41.968069,-87.721559063,POINT (-87.7215590627 41.968069),41.968069,-87.721559063,POINT (-87.7215590627 41.968069)
ea81d9073f494310f3b93d511a98fb73ca2f2931,b329626db30d23db0e6620de7d1a3036dd3c2ca3e139fd4fda43a3c10b91d800bdb1b79af04a9b1232d02cbea0283068ab495f324ba54b8c05105b68f6e2825e,2013-08-31 05:00:00 UTC,2013-08-31 05:00:00 UTC,120,0.0,,,14,14,405.0,0.0,0.0,0.0,405.0,Cash,Dispatch Taxi Affiliation,41.968069,-87.721559063,POINT (-87.7215590627 41.968069),41.968069,-87.721559063,POINT (-87.7215590627 41.968069)
ea822468ed7ac90e5b9396ecf1a28a25250237db,11c10617d0c651e15a224f29ddccd39b777834546d2457e1f3a84c48067510ddeefc73fe4cc42c51ade39f1eba22d0fc4fc1e3e6d10dd76c116d9e5ad0a5d9b3,2015-07-31 03:45:00 UTC,2015-07-31 03:45:00 UTC,0,6.3,,,14,14,325.0,0.0,0.0,0.0,325.0,Cash,Dispatch Taxi Affiliation,41.968069,-87.721559063,POINT (-87.7215590627 41.968069),41.968069,-87.721559063,POINT (-87.7215590627 41.968069)
ea83b8bfdcdbc380659cd752bf2c6d37b27455c2,9a3b307a7d2c71565a27a2bcef5560f576240023bf21ca8b35cf00a429f4653938690dbf6a6571af275d15d15d8accabd814b25746c33c5efbdc516b6374e673,2016-03-07 02:00:00 UTC,2016-03-07 02:15:00 UTC,420,0.0,,,14,14,625.0,0.0,0.0,0.0,625.0,Cash,Taxi Affiliation Services,41.968069,-87.721559063,POINT (-87.7215590627 41.968069),41.968069,-87.721559063,POINT (-87.7215590627 41.968069)
ea84f510f0e1990ff6e5a79c2b3ba14e485bafbc,5d4d3832c9161b1ee1cc0202ea3cfdd1f299acefd7f14f858cc06102be6a400793a99f23bb01b0412b69c6f41baf71305c22fefd1960fea61d963dadddb6c588,2015-03-03 09:30:00 UTC,2015-03-03 09:30:00 UTC,0,0.0,,,14,14,325.0,0.0,0.0,0.0,325.0,Cash,,41.968069,-87.721559063,POINT (-87.7215590627 41.968069),41.968069,-87.721559063,POINT (-87.7215590627 41.968069)
ea8640358c064d2a5b0573ff5039794d1eba8c4f,d6e810719d8afe96b29b5955c7a037d6d004ee928b8400c370341ee87f5c578fd34da297d5394f05f5ab72f0c8880579182f2843583cf1c62007489a9a03755b,2016-11-06 01:15:00 UTC,2016-11-06 01:15:00 UTC,60,0.7,,,14,14,475.0,0.0,0.0,0.0,475.0,No Charge,Northwest Management LLC,41.968069,-87.721559063,POINT (-87.7215590627 41.968069),41.968069,-87.721559063,POINT (-87.7215590627 41.968069)
ea896d3ba007d239a77de222df2572e7a947b48d,cd6422bc48a2ea533724b3be5a36948de0560cf69fcd48282160db96fdc841bcd20ee3605d1bcfbd8045544576f889d8df47cbe78ec51789d4e6220aab0b66e8,2014-02-07 08:15:00 UTC,2014-02-07 08:15:00 UTC,0,0.0,,,14,14,325.0,0.0,0.0,0.0,325.0,Cash,Dispatch Taxi Affiliation,41.968069,-87.721559063,POINT (-87.7215590627 41.968069),41.968069,-87.721559063,POINT (-87.7215590627 41.968069)
ea8ac050fb70e1acb3ab77eab39c6b191237509f,0e21caaf401f961b7ae5a4c3d8c5b70291ccc2b6c2138c4f7122e6110a650b594ea2daaeb3d6d47eccab70d95c97eacc9834ea0b9f3b92e92ad56fda352d55c9,2016-07-17 02:45:00 UTC,2016-07-17 03:00:00 UTC,300,0.0,,,14,14,625.0,0.0,0.0,100.0,725.0,Cash,Taxi Affiliation Services,41.968069,-87.721559063,POINT (-87.7215590627 41.968069),41.968069,-87.721559063,POINT (-87.7215590627 41.968069)
ea8be66a3b7882e1019d5e0d8647b62767ec47f3,5e20284427ffd65cd20e9b43aab7ea98bcbfb360faf4aadca05f07b6939e38f3a13e135d0150689220f52bc86d1c36e3827b3635bc8c199f315afc446179dcfe,2014-03-30 04:45:00 UTC,2014-03-30 04:45:00 UTC,0,0.0,,,14,14,325.0,0.0,0.0,0.0,325.0,Cash,Taxi Affiliation Services,41.968069,-87.721559063,POINT (-87.7215590627 41.968069),41.968069,-87.721559063,POINT (-87.7215590627 41.968069)
ea8f18bcacd5f64f4b9fccea2226deafb6527c67,5eae526ef6f9f042f7610f74f61aa3870d74227746050480d30c37e7ff846a911b1b8485d7dc833678ac602a0d4b66db6768ff23e5e7a7e4abfdcb1b03078365,2014-03-15 10:00:00 UTC,2014-03-15 10:15:00 UTC,1140,0.0,,,14,14,1385.0,0.0,0.0,0.0,1385.0,Cash,Chicago Elite Cab Corp. (Chicago Carriag,41.968069,-87.721559063,POINT (-87.7215590627 41.968069),41.968069,-87.721559063,POINT (-87.7215590627 41.968069)
ea927b70b3e9da023c6063b215c7e547d3d708c6,2d0ed8e0ce18189d284bd2aadfb788b99d07edd8da90bc5a26bec2fc4f5bbac24f4843b5655df04dc51029c5183499035b5b60c5899dde7422a766a5854c0ec5,2015-05-10 03:30:00 UTC,2015-05-10 03:30:00 UTC,0,0.0,,,14,14,325.0,0.0,0.0,0.0,325.0,No Charge,Dispatch Taxi Affiliation,41.968069,-87.721559063,POINT (-87.7215590627 41.968069),41.968069,-87.721559063,POINT (-87.7215590627 41.968069)
ea98cfba798cb62a8b4effccf8c0576231df90b8,111d9e472136f46b99422f1e976e81de485f57c2f7f3a8b134e1cb3d1c86d5781d5470a2e0b26695d49c86ac049f773e78051706d3c387a4b5a52310c77aab71,2013-07-11 11:30:00 UTC,2013-07-11 11:30:00 UTC,360,1.9,,,14,14,705.0,200.0,0.0,0.0,905.0,Credit Card,Dispatch Taxi Affiliation,41.968069,-87.721559063,POINT (-87.7215590627 41.968069),41.968069,-87.721559063,POINT (-87.7215590627 41.968069)
ea98d447defa8fd9da6f40e8d9c4a0699f7e6c85,1c4205a0eb597ab01c1986dece877c16fab40f95e2ee530469c3b7fb43a0033ae15f413fe278875e8503bbc3963abca1318b7383a2c5a5381c6e7a196e19d5ea,2013-04-18 01:30:00 UTC,2013-04-18 01:30:00 UTC,180,0.0,,,14,14,465.0,0.0,0.0,0.0,465.0,Cash,Taxi Affiliation Services,41.968069,-87.721559063,POINT (-87.7215590627 41.968069),41.968069,-87.721559063,POINT (-87.7215590627 41.968069)
ea9942820c24779975a58d2eeb322d53a0ab81b9,72efecb1648eb2bb2584e1add78527ffa37dfef82aba849541521f3d71c7c455375dc10f37d860a873b6999f48a959698abcc0ba5e1827260ac21929d63a774d,2016-09-16 06:15:00 UTC,2016-09-16 06:15:00 UTC,60,0.0,,,14,14,325.0,0.0,0.0,0.0,325.0,Cash,Dispatch Taxi Affiliation,41.968069,-87.721559063,POINT (-87.7215590627 41.968069),41.968069,-87.721559063,POINT (-87.7215590627 41.968069)
ea994301f04d8d0eb48ec597fd88641f9f243d70,5c39175c6f2ea20ac65de7616667614f2edcf4a46106ac591d3359259c0db741452ad3d37ca1e9e61612a73b9db951bb87b8393bee7d1f5a58905100e49efa3a,2016-03-09 04:00:00 UTC,2016-03-09 04:00:00 UTC,0,0.0,,,14,14,325.0,0.0,0.0,1000.0,1325.0,Cash,Blue Ribbon Taxi Association Inc.,41.968069,-87.721559063,POINT (-87.7215590627 41.968069),41.968069,-87.721559063,POINT (-87.7215590627 41.968069)
ea9995a11bc1b49bcdb40bf53e4915285f7b358d,4d383b5d473f9402a59c74dd17d0d1c4d7b2f2c640bd0648c03c999f45777fe740fc5aa1dd7549cef55a660f3b5865e46fba8265851d12c6864235b037b33806,2016-04-08 11:30:00 UTC,2016-04-08 11:30:00 UTC,240,0.0,,,14,14,550.0,0.0,0.0,0.0,550.0,Cash,Taxi Affiliation Services,41.968069,-87.721559063,POINT (-87.7215590627 41.968069),41.968069,-87.721559063,POINT (-87.7215590627 41.968069)
ea9a1a817910ac4b4fec6e138e76b644985c1287,c296acfd2dae24a13a2f75387b647f2b3047b09ecb9cda02018eb160e778977046f3367d90ab483067ef00caf4831b74a22fe0ddda515a2e82dae18170bb902b,2014-06-28 07:00:00 UTC,2014-06-28 07:00:00 UTC,0,0.0,,,14,14,325.0,0.0,0.0,0.0,325.0,No Charge,Dispatch Taxi Affiliation,41.968069,-87.721559063,POINT (-87.7215590627 41.968069),41.968069,-87.721559063,POINT (-87.7215590627 41.968069)
ea9b9ded384a724ded386032c81891f187acf4d4,3e3dc0208ecce93e8e50f83643cd43f5da59de75143fa1a1314106f409896d7bdf46ac5849e665555e52e78e2840cd1d9823f69188ab370d310db6401ca22604,2013-12-13 05:30:00 UTC,2013-12-13 05:30:00 UTC,60,0.0,,,14,14,385.0,0.0,0.0,0.0,385.0,Cash,Dispatch Taxi Affiliation,41.968069,-87.721559063,POINT (-87.7215590627 41.968069),41.968069,-87.721559063,POINT (-87.7215590627 41.968069)
ea9d8fa61e5d25acfccccc08a84bf67c81666590,47938f81d855fd445e964d9986b6d1681afbaaa9db45697e864e1e373315085071674b1487bf605d3c1ad8825b5248b86d216385aec4229f047cb97702e53fa8,2016-01-22 12:45:00 UTC,2016-01-22 12:45:00 UTC,300,0.0,,,14,14,450.0,0.0,0.0,0.0,450.0,Cash,Taxi Affiliation Services,41.968069,-87.721559063,POINT (-87.7215590627 41.968069),41.968069,-87.721559063,POINT (-87.7215590627 41.968069)
ea9e72dd32b7f32047a0c0818e3e91db50104b89,da14a2785a67e48630afc94ca58426c9be784c4e5b39d6ec6983e8a692897cb75518f9c705b8941779f71ff551061b4d96a7fc30f5e7a5814fba4b94d84d1776,2014-12-23 03:15:00 UTC,2014-12-23 03:15:00 UTC,0,0.0,,,14,14,325.0,365.0,0.0,1500.0,2190.0,Credit Card,,41.968069,-87.721559063,POINT (-87.7215590627 41.968069),41.968069,-87.721559063,POINT (-87.7215590627 41.968069)
eaa07f2c69722d4b93cf9c005b136bd8444a7ebe,0d9882e354e702dc4f41ab186abdbda41a96006222267241a47f16e792f6e3de013d3a692498c0bca85eaf2e1a7d1c1f0943631bb4ff8d3a9f370079af9587ef,2016-03-14 05:30:00 UTC,2016-03-14 05:30:00 UTC,120,0.0,,,14,14,375.0,0.0,0.0,0.0,375.0,Cash,,41.968069,-87.721559063,POINT (-87.7215590627 41.968069),41.968069,-87.721559063,POINT (-87.7215590627 41.968069)
eaa08226224173a64def4eaa9861c59ce487e6ad,e7e187c80ff0f05f971fef2ac660198b4e86ccecae67e7da166ce0662520de368c4c2e94ed10fbd71937e513d167fa519f5d261fb128b491fdba261534f0cb18,2013-12-08 08:30:00 UTC,2013-12-08 08:30:00 UTC,0,0.0,,,14,14,325.0,0.0,0.0,0.0,325.0,Cash,Dispatch Taxi Affiliation,41.968069,-87.721559063,POINT (-87.7215590627 41.968069),41.968069,-87.721559063,POINT (-87.7215590627 41.968069)
eaa3dfbaf122150929c6eebd83a1948e2cf43c97,7ae35df0e9996a29e76fcb12863c5a1eee8d6512695aff517344da28f1baaac08d71a805c75ded64918bb9689430e65f11f33edf8201a29c24aa363b3f845707,2016-04-23 02:30:00 UTC,2016-04-23 02:45:00 UTC,1080,3.8,,,14,14,1425.0,0.0,0.0,100.0,1525.0,Cash,,41.968069,-87.721559063,POINT (-87.7215590627 41.968069),41.968069,-87.721559063,POINT (-87.7215590627 41.968069)
eaa574c8ee8340891b1da8f93160aa89a9b1a8e3,e551734422309786d97df34cb349c5986bb153a027e747d084c2ed9ca7d2018c72a8f4c3f6d3fcef53f0f9f679c3a9e0d6e8abf7ef4ea9bc7957aec987d46ddf,2014-08-30 01:15:00 UTC,2014-08-30 01:15:00 UTC,360,0.0,,,14,14,545.0,0.0,0.0,100.0,645.0,Cash,Taxi Affiliation Services,41.968069,-87.721559063,POINT (-87.7215590627 41.968069),41.968069,-87.721559063,POINT (-87.7215590627 41.968069)
eaa71a3e5aea658bfcf0f630be862cfd9e0c6896,b8ca31c6f41e75e387b430696071be73035ce88dd37c1a1072c83ff21e25a9427d57d868ca0a4fc3c52ef336bcf29b14ff1ee3d86c873a76966a423aa9770f06,2015-06-08 05:30:00 UTC,2015-06-08 05:30:00 UTC,0,0.0,,,14,14,325.0,0.0,0.0,0.0,325.0,Cash,Dispatch Taxi Affiliation,41.968069,-87.721559063,POINT (-87.7215590627 41.968069),41.968069,-87.721559063,POINT (-87.7215590627 41.968069)
eaa73c8bd4b289fbaf0946f2540c91ba5b13612e,80b33c6123e5192e254b219f429bd376d02aad87b9bc2ef89095cd79a668e089e0e203e904e71875f7936c9c1c227213e737b5a666f690a815f88735e42b9691,2014-07-23 04:15:00 UTC,2014-07-23 04:15:00 UTC,300,0.0,,,14,14,585.0,0.0,0.0,100.0,685.0,Cash,Taxi Affiliation Services,41.968069,-87.721559063,POINT (-87.7215590627 41.968069),41.968069,-87.721559063,POINT (-87.7215590627 41.968069)
eaab1f0e0c565673c8e07841c1818126615e3a49,a0a8a75dabc5aa83f6cf4f7bcfff21e7f84abd4cda6facc9006e3c5e26c0c529461d07e2bd7cd65562ae1dfda44bfb5b386badc353e88f0f373ff7e0c802b8da,2015-11-26 01:00:00 UTC,2015-11-26 01:00:00 UTC,120,0.6,,,14,14,465.0,0.0,0.0,100.0,565.0,Cash,Taxi Affiliation Services,41.968069,-87.721559063,POINT (-87.7215590627 41.968069),41.968069,-87.721559063,POINT (-87.7215590627 41.968069)
eaabbf651e9bed68a1ef5033e2bb1ecbd0fa1a8c,fe3715c762210bf8125ab6526991e131d98d1daa40884536856f5cdbaa9b73591e3aa901a93194be32030f58773b41592036a6f72344d0f83f2846ddc3fff760,2014-06-19 08:45:00 UTC,2014-06-19 09:00:00 UTC,420,1.9,,,14,14,745.0,0.0,0.0,0.0,745.0,Cash,Dispatch Taxi Affiliation,41.968069,-87.721559063,POINT (-87.7215590627 41.968069),41.968069,-87.721559063,POINT (-87.7215590627 41.968069)
eaace1ef0554f408965b431d87309a0ebd1d5c17,5848bd28056dead490e28608d2005d52fc2a88c32004c200e2d4a3af53da658e35e8a5e37e533dde1522c7eea47a21ce022925003fd8d499c5a89134f75670d9,2017-01-16 01:15:00 UTC,2017-01-16 01:30:00 UTC,240,1.1,,,14,14,600.0,0.0,0.0,0.0,600.0,Cash,Taxi Affiliation Services,41.968069,-87.721559063,POINT (-87.7215590627 41.968069),41.968069,-87.721559063,POINT (-87.7215590627 41.968069)
eaad4a1d530ddc06ffd5582d54445c4258676108,4bc66efc0de895c4d76f5dc2d901fd6cac16f37a609aa1ea320ea1c91e3c4a93c54ecdc8486d2fb00ae6e59e4373fa7cc5cbd68ea6e6fe30a49a7309f4198efa,2014-03-28 02:00:00 UTC,2014-03-28 02:15:00 UTC,780,0.0,,,14,14,1245.0,0.0,0.0,0.0,1245.0,Cash,Chicago Elite Cab Corp. (Chicago Carriag,41.968069,-87.721559063,POINT (-87.7215590627 41.968069),41.968069,-87.721559063,POINT (-87.7215590627 41.968069)
eaaec68446ad91920f4655f80310eb89417cbfae,ba1ba72d70ad5fc9a30870b767736683ccfdb39905301bf7eb87d4d08fac006aef9084d340b790ed7050af5673c20ae418b84ff0ea4c42de955665a976268dde,2015-03-15 02:30:00 UTC,2015-03-15 02:30:00 UTC,60,0.0,,,14,14,1565.0,330.0,0.0,100.0,1995.0,Credit Card,Dispatch Taxi Affiliation,41.968069,-87.721559063,POINT (-87.7215590627 41.968069),41.968069,-87.721559063,POINT (-87.7215590627 41.968069)
eaaf9016b03b8ae5408ffc8552b81b2da8b62df1,f22048010592ab0cbbe57cc8e7b79daa1616239d8d8bec5f970aa79a680a429226d90b76340cd9e305e5498f8230fddbfa9e46717de79534f67fd8aa3a07df36,2013-02-19 10:00:00 UTC,2013-02-19 10:00:00 UTC,300,0.0,,,14,14,525.0,0.0,0.0,0.0,525.0,Cash,Taxi Affiliation Services,41.968069,-87.721559063,POINT (-87.7215590627 41.968069),41.968069,-87.721559063,POINT (-87.7215590627 41.968069)
eab2aac2ca7311fda0a222aa1baf56895d975455,ee6216cc0f10e2d9b4a4e875fa910a413dde12495038a5d5467ff1182f97f44099b1793982254ccecea9a7811d22d4b38306492d3e64cf27945dba1aba7f3309,2014-05-03 01:45:00 UTC,2014-05-03 02:00:00 UTC,540,2.0,,,14,14,765.0,0.0,0.0,0.0,765.0,Cash,Dispatch Taxi Affiliation,41.968069,-87.721559063,POINT (-87.7215590627 41.968069),41.968069,-87.721559063,POINT (-87.7215590627 41.968069)
eab549e9dc7a8b1507488bad966ffb06e2df697d,2227f026de33bbfa0b5a9fb64f73b896241cfb3561c7a785fc7b61f8069e4c2a6302614df74df17efcae922135bc1a00b9a855d85e811f99f5da77a49f961522,2014-03-26 04:45:00 UTC,2014-03-26 05:00:00 UTC,480,0.0,,,14,14,685.0,0.0,0.0,0.0,685.0,Cash,Taxi Affiliation Services,41.968069,-87.721559063,POINT (-87.7215590627 41.968069),41.968069,-87.721559063,POINT (-87.7215590627 41.968069)
eab7bb199a0ea25fe7256d52af2036c113296612,9e677983cd1157e37887108039f5678940f65e4103544acd780609d103bb127fe9aef49d79eaf58cf9b9140791f277f51455a2626222be845621b65cefaeb5f0,2014-01-13 02:30:00 UTC,2014-01-13 02:30:00 UTC,180,0.0,,,14,14,425.0,0.0,0.0,0.0,425.0,Cash,Taxi Affiliation Services,41.968069,-87.721559063,POINT (-87.7215590627 41.968069),41.968069,-87.721559063,POINT (-87.7215590627 41.968069)
eab8d5570a852dd725422245393545b80044a942,4985679c5d03d534d606702c915a7c74f83edb456f886effa3de5d1ba947ddfb6680d3a1bac2af8b92795255cdf984f2fdaf62ae00a3771dea6d6c58b2ee5d10,2013-06-03 12:45:00 UTC,2013-06-03 12:45:00 UTC,180,0.0,,,14,14,465.0,0.0,0.0,0.0,465.0,Cash,Choice Taxi Association,41.968069,-87.721559063,POINT (-87.7215590627 41.968069),41.968069,-87.721559063,POINT (-87.7215590627 41.968069)
eab9a8978a3b16a3ddd2669af2d6580c28a0eae4,c49f0ddc62fe52ff6d19832b7168a6818f17d8ccb7f59a3ccd0780f33a0df1056e0055ab7f85477a0cd90c279506e0d1317a5d4a3ea959ae24eb1b25f476674d,2014-08-11 04:00:00 UTC,2014-08-11 04:00:00 UTC,180,0.8,,,14,14,485.0,0.0,0.0,100.0,585.0,Cash,Taxi Affiliation Services,41.968069,-87.721559063,POINT (-87.7215590627 41.968069),41.968069,-87.721559063,POINT (-87.7215590627 41.968069)
eabb415fdf61a3872321d273c6bb141537130824,bc8247e6bbfc2e44b4f253e3201257ed338febf4adfe8f36b8a90e2cb32e6e5ef1d0f0cfd0068a6eed7abe114ec2dbf345546bae1948be9732693dbf43f4e394,2014-10-03 01:30:00 UTC,2014-10-03 01:45:00 UTC,180,0.8,,,14,14,485.0,0.0,0.0,0.0,485.0,Cash,Taxi Affiliation Services,41.968069,-87.721559063,POINT (-87.7215590627 41.968069),41.968069,-87.721559063,POINT (-87.7215590627 41.968069)
eabd85c1970b67e2f59eb5a7072778fdeed80c45,3e9fa37399a92d069c760183cd37837dacb026172ac17e2033457911da4ba33a1162d78b179f976a7e8a26735348a1f8465bec9d7083f4d0051343b3c7a323a2,2013-04-26 12:15:00 UTC,2013-04-26 12:15:00 UTC,0,0.0,,,14,14,325.0,0.0,0.0,0.0,325.0,Cash,Taxi Affiliation Services,41.968069,-87.721559063,POINT (-87.7215590627 41.968069),41.968069,-87.721559063,POINT (-87.7215590627 41.968069)
eabe2a69f4240549d590bc79a5f18c836f726bdf,9a38858dc2ace73a20f89a976154131a733daf1f11e8d650183b2cc919ea375e5249e7170e372cf0b37be52292769416570481f474f81fd7b980fceb18846a73,2014-03-08 04:45:00 UTC,2014-03-08 04:45:00 UTC,0,0.1,,,14,14,345.0,0.0,0.0,0.0,345.0,Cash,Northwest Management LLC,41.968069,-87.721559063,POINT (-87.7215590627 41.968069),41.968069,-87.721559063,POINT (-87.7215590627 41.968069)
eabe777e56bf94bd3d36fb941badd8c29b2f992c,b26a0f5e98dc961d652b6cffa8bdfc2a874a693e31ab5955e1b01bffe0c8e05c1689105ae0ac0c1bf0a0b15d67af429dbe12e69451cce67ff95202c3c91d4df7,2015-06-16 11:30:00 UTC,2015-06-16 11:30:00 UTC,0,0.0,,,14,14,325.0,0.0,0.0,0.0,325.0,Cash,,41.968069,-87.721559063,POINT (-87.7215590627 41.968069),41.968069,-87.721559063,POINT (-87.7215590627 41.968069)
eabeafe69e8c45756f7dd7470a5cad3b777e41dd,9afd3e79dd5d303ef63eebf596f7912e2725b3001dd5052d355c3f162bd8ca08fa9db17e1ee7c8e490fb1d9355d725f321707b9536c0488b38a090053ddd68c3,2014-06-17 10:00:00 UTC,2014-06-17 10:00:00 UTC,0,0.0,,,14,14,325.0,0.0,0.0,0.0,325.0,Cash,Dispatch Taxi Affiliation,41.968069,-87.721559063,POINT (-87.7215590627 41.968069),41.968069,-87.721559063,POINT (-87.7215590627 41.968069)
eac133cdff3f23ae68c9a04f053e7f238239b9da,f55addae8ca796ec4b405f2aff2b703fa3e84d285bf4c15ffe84f53e6abd8c4acd7dacad001d0ed5d0bd1e011d748cdf531e486ba50cd50cbd6ad1dafb5705b1,2013-11-15 02:45:00 UTC,2013-11-15 02:45:00 UTC,60,0.0,,,14,14,425.0,0.0,0.0,100.0,525.0,Cash,Taxi Affiliation Services,41.968069,-87.721559063,POINT (-87.7215590627 41.968069),41.968069,-87.721559063,POINT (-87.7215590627 41.968069)
eac2a71e3a4713c3ed53cc2d96304bfbe05a16e5,d9a3400760fd8548ebb04b0edbe621e7ae2357a72b3450681e4289affbe4c7bf67db35b1c3211af484b35842e4c7105f4a2d2e49a607ecc4fd91e3d53e7c8165,2015-08-08 07:00:00 UTC,2015-08-08 07:00:00 UTC,60,0.0,,,14,14,325.0,0.0,0.0,0.0,325.0,Cash,,41.968069,-87.721559063,POINT (-87.7215590627 41.968069),41.968069,-87.721559063,POINT (-87.7215590627 41.968069)
eac34aa4089156e479fefe29d5f7d76f4f84e80c,41a9ce5ae60493295b530b4d439c3eea6dbf7393b914c6d4f9278da4a4dd9bf9c4def97e22e382bce9b6fe4d3d8b86bd1311d7ffef4366bc15b2ae4fa44cc9ef,2013-10-31 04:00:00 UTC,2013-10-31 04:00:00 UTC,0,0.0,,,14,14,325.0,0.0,0.0,0.0,325.0,Cash,Taxi Affiliation Services,41.968069,-87.721559063,POINT (-87.7215590627 41.968069),41.968069,-87.721559063,POINT (-87.7215590627 41.968069)
eac443f189c15b7cd99df2d4f44eade2a1cd2343,51d13e9ec1a04be36d87a3746e0e4f8c68ca5ed59e6f7af9b137af2d622f0d6bb6a4d3534788bd879e6841ba52d9b8efd7d1771a6a416cd441d1640987b63ec3,2015-01-25 04:00:00 UTC,2015-01-25 04:00:00 UTC,60,0.0,,,14,14,345.0,0.0,0.0,0.0,345.0,Cash,,41.968069,-87.721559063,POINT (-87.7215590627 41.968069),41.968069,-87.721559063,POINT (-87.7215590627 41.968069)
eac4aece6b8309ad10f007ef56f19e516252d89b,edb997f124f19506550b1fc8a24b4546ccc2ed1be336a691bcd5d488de2f56ac2ac8a2540df5358772681da21d22fb8018fce78d71b0f8879d5645228508ee64,2016-08-06 08:00:00 UTC,2016-08-06 08:00:00 UTC,240,0.0,,,14,14,550.0,0.0,0.0,0.0,550.0,Cash,Taxi Affiliation Services,41.968069,-87.721559063,POINT (-87.7215590627 41.968069),41.968069,-87.721559063,POINT (-87.7215590627 41.968069)
eac5037d7d15022248e04658e59ef589b84de04c,6952857beb6ee51f941caa0431d19e7ed15737c5952faef3c0eabfa50c0988c382a22101d22a4e52601d753633ec3cb72b2c55aaf19ee8ff97532cb2710b8056,2015-05-09 02:30:00 UTC,2015-05-09 03:00:00 UTC,1740,3.4,,,14,14,1565.0,0.0,0.0,0.0,1565.0,Cash,Taxi Affiliation Services,41.968069,-87.721559063,POINT (-87.7215590627 41.968069),41.968069,-87.721559063,POINT (-87.7215590627 41.968069)
eac55be0f433e9113d0b22ee3871693558e07483,f86da6500edc020c8e0fef6be42bd747e0c7316b59e32fd4069019a55dbcd7cfafd76a48da4ac3a09a16947df485c466e9d97dbab7c6ca7649b0d3deb2669a71,2016-09-24 05:00:00 UTC,2016-09-24 05:15:00 UTC,660,0.7,,,14,14,725.0,0.0,0.0,0.0,725.0,Cash,,41.968069,-87.721559063,POINT (-87.7215590627 41.968069),41.968069,-87.721559063,POINT (-87.7215590627 41.968069)
eac58ee7371d4e74aff6f9f365197bb78f1941ad,0f910c215b17e38a2192157793e209b43d943a42c2421376bcf53b2b9e9bfcb580859670e2b857282573072376a216e3c61a5dd61798a8f11952b11072fcd7c2,2015-05-14 07:45:00 UTC,2015-05-14 07:45:00 UTC,0,0.0,,,14,14,325.0,0.0,0.0,0.0,325.0,Cash,Taxi Affiliation Services,41.968069,-87.721559063,POINT (-87.7215590627 41.968069),41.968069,-87.721559063,POINT (-87.7215590627 41.968069)
eac99965bea63d9ce961e8fe1e1e2adc5e6b0f67,1e8a3b3eea65a823d2155334677f3e7280d94e93a2f12fc8ba9bed128e8b5424f04f7a3f4955eea05300d5fea91153f256fccc6c6e4b6fc32f847c59ebf7351a,2013-06-16 05:45:00 UTC,2013-06-16 06:00:00 UTC,540,0.0,,,14,14,625.0,0.0,0.0,100.0,725.0,Cash,Blue Ribbon Taxi Association Inc.,41.968069,-87.721559063,POINT (-87.7215590627 41.968069),41.968069,-87.721559063,POINT (-87.7215590627 41.968069)
eacaacb67c29ef5fae1e52e3c02d766666ac8739,0dee7e1a5017191885590af419c6d70b1779ae8dbc8a243ab4980304dc7dd741b9fb6b51464f522076350870aeaacb73422f9fb19639a092b1984eb836cfa6b3,2016-11-17 01:30:00 UTC,2016-11-17 01:30:00 UTC,120,0.9,,,14,14,525.0,0.0,0.0,150.0,675.0,Cash,,41.968069,-87.721559063,POINT (-87.7215590627 41.968069),41.968069,-87.721559063,POINT (-87.7215590627 41.968069)
eacbe394edc53151ca4444f93ab5e505f10955a0,39c5b1afbd9856f33218efea0a669e7c7f8c186197b83e22ad2bce7b2339d83ba2bbfdb1b5ae01ddb17c64d6450f4507baeb350dbddf82e5bc4871519d9b33d8,2015-08-16 09:15:00 UTC,2015-08-16 09:15:00 UTC,60,0.3,,,14,14,385.0,0.0,0.0,0.0,385.0,Cash,Taxi Affiliation Services,41.968069,-87.721559063,POINT (-87.7215590627 41.968069),41.968069,-87.721559063,POINT (-87.7215590627 41.968069)
eace0fe605a133cd04fecb3a5cd5f5ae3e4c50c6,335c61713b446303eb964d3aa88629948d888393be601ee82b0b619cec0c7e778839471cad460d6d5aeb0195f651894beeb4b4f2f7ffa1c4dd10fd35dfb076b5,2013-03-26 06:15:00 UTC,2013-03-26 06:45:00 UTC,1620,0.0,,,14,14,1225.0,0.0,0.0,0.0,1225.0,Cash,,41.968069,-87.721559063,POINT (-87.7215590627 41.968069),41.968069,-87.721559063,POINT (-87.7215590627 41.968069)
eacddad02c6d2f984bb40873dcca2a67de67012f,34c459196b58fb9315c1f536fac9b28ff1001c0df18841ca7edda7e13fd120a5dcb3fa0e2911f142fd9d260b5cb276e724c57256a3c3ae63535c8815c0fe48fa,2016-06-29 05:30:00 UTC,2016-06-29 05:30:00 UTC,0,0.0,,,14,14,325.0,0.0,0.0,0.0,325.0,Cash,Dispatch Taxi Affiliation,41.968069,-87.721559063,POINT (-87.7215590627 41.968069),41.968069,-87.721559063,POINT (-87.7215590627 41.968069)
eace7a964ad21be3890fc1144821617149ae29e3,3eb2f3050b0185e0bbce0833362d3edde6d3bd44a4d39a601a059d317ed3d7ef5446256244b331436bd631c2fe4e0d5a25b7eb97d68b4187931ce14ee8cf2ce7,2013-11-03 02:45:00 UTC,2013-11-03 02:45:00 UTC,180,0.0,,,14,14,505.0,100.0,0.0,100.0,705.0,Credit Card,Blue Ribbon Taxi Association Inc.,41.968069,-87.721559063,POINT (-87.7215590627 41.968069),41.968069,-87.721559063,POINT (-87.7215590627 41.968069)
ead0a05a93655d34c09ce9a8cc5f11d7858f5b70,da837ee33107a59b55ca160f2f85aee90cc3201a1826323f0fbe33b38cee01161707f11c40c31e9f8619b89cdf19b057de2974414c810df421ff0572d3e7b816,2013-08-13 02:15:00 UTC,2013-08-13 02:30:00 UTC,120,0.0,,,14,14,465.0,0.0,0.0,100.0,565.0,Cash,Blue Ribbon Taxi Association Inc.,41.968069,-87.721559063,POINT (-87.7215590627 41.968069),41.968069,-87.721559063,POINT (-87.7215590627 41.968069)
ead3ed19f5ed34d537ac5ebd7fb376d90e46bdbd,ba106251fbb2b52177138ccbb8a1327a83c89470c240b28ff5e7fd69d037ce3364471fc062081a86123b811d24829cbc77424e33c83209fe00964b59eed1061a,2014-05-20 03:15:00 UTC,2014-05-20 03:15:00 UTC,0,0.0,,,14,14,325.0,0.0,0.0,750.0,1075.0,Cash,Taxi Affiliation Services,41.968069,-87.721559063,POINT (-87.7215590627 41.968069),41.968069,-87.721559063,POINT (-87.7215590627 41.968069)
ead40204ef4401d8645b3b72386c79a361c8e46a,a0555bb6e0157e982e0df2c02256fe99105d82992f8a299d0d79da4c39bb39b72683b2e05d9e341b0d7228dfa0834d215a6c96e2c002162c6e8767fd014ae2f6,2014-03-31 03:00:00 UTC,2014-03-31 03:15:00 UTC,180,0.0,,,14,14,445.0,0.0,0.0,0.0,445.0,Cash,Dispatch Taxi Affiliation,41.968069,-87.721559063,POINT (-87.7215590627 41.968069),41.968069,-87.721559063,POINT (-87.7215590627 41.968069)
ead40b6c0f2450b330a141c2b1f790827e6b3ca8,c24efb6d2eac55ddc37386802a34f48b9bf91b90ed49c2c6c5ea70b02b27a1174953fb238e9d8759de95cd6aca9424fb2c95c7394b87fde5478e8db1797eb0eb,2013-11-27 03:15:00 UTC,2013-11-27 03:15:00 UTC,240,0.7,,,14,14,505.0,0.0,0.0,0.0,505.0,Cash,,41.968069,-87.721559063,POINT (-87.7215590627 41.968069),41.968069,-87.721559063,POINT (-87.7215590627 41.968069)
ead47120c4c5800298b8baaafacd561974a3b59a,f19677875bae72f431e9e35abbf3fd29aedd79e11f2f04812f96ae4f7cc4cd260e4902a8d3a03ffff9c4ecbb3db67e51070e5097c1125c0c6c67d42a743b4b35,2014-04-18 08:45:00 UTC,2014-04-18 08:45:00 UTC,240,0.5,,,14,14,484.0,0.0,0.0,0.0,484.0,Cash,,41.968069,-87.721559063,POINT (-87.7215590627 41.968069),41.968069,-87.721559063,POINT (-87.7215590627 41.968069)
ead522486a81d0197c6d26b313a09848d06f5b69,6d0577e9fce3869a425a423ef6058feba996b49fccdcd22cab3d62a6afc21ccdde3b0282ee3b0f34039060bdf9c23fdead70ba3db2705e16abe6e14573fc05ed,2015-07-26 07:30:00 UTC,2015-07-26 07:30:00 UTC,120,0.6,,,14,14,445.0,0.0,0.0,0.0,445.0,Dispute,Dispatch Taxi Affiliation,41.968069,-87.721559063,POINT (-87.7215590627 41.968069),41.968069,-87.721559063,POINT (-87.7215590627 41.968069)
ead8e2b99077551d80e72a96a16f74b353481e40,d800eb3bcceba1eae93869f9a2d6dafec8053aaabbb2493fc5a7275a893435aa479539a353fee79c053bdaa0bdf79dc1280b9c8762461d39d76bb4166c17b871,2014-01-26 08:30:00 UTC,2014-01-26 08:30:00 UTC,120,0.6,,,14,14,445.0,0.0,0.0,0.0,445.0,Cash,,41.968069,-87.721559063,POINT (-87.7215590627 41.968069),41.968069,-87.721559063,POINT (-87.7215590627 41.968069)
ead9742a461072e29b9cbae0a8d9385aa1dafb01,5875da2f8b2c80730590e971a29f16061bac24b92e13a5b133257a1bfc1a8ab5cc6e3760d0b6ff8393f84e7a3f8917b0a4283f5e81a155fa51820ea0f978cf74,2015-02-01 08:30:00 UTC,2015-02-01 08:45:00 UTC,180,0.0,,,14,14,545.0,0.0,0.0,150.0,695.0,Cash,Taxi Affiliation Services,41.968069,-87.721559063,POINT (-87.7215590627 41.968069),41.968069,-87.721559063,POINT (-87.7215590627 41.968069)
eada3fd42daa458968d080d024f15ae42141c800,444a10db2a60293aca7a7e53b6a65bfae2fb054d213226f6ddd3e4eba2e07337343a8d960f17bb06ce632559e34c5675702128574408646ca06a3b681cee00f3,2013-11-11 05:45:00 UTC,2013-11-11 05:45:00 UTC,0,0.0,,,14,14,325.0,0.0,0.0,0.0,325.0,Cash,Blue Ribbon Taxi Association Inc.,41.968069,-87.721559063,POINT (-87.7215590627 41.968069),41.968069,-87.721559063,POINT (-87.7215590627 41.968069)
eadafc31ea8f44ee1a5d5c95427a0ddbfc7b0331,11c10617d0c651e15a224f29ddccd39b777834546d2457e1f3a84c48067510ddeefc73fe4cc42c51ade39f1eba22d0fc4fc1e3e6d10dd76c116d9e5ad0a5d9b3,2015-09-04 03:30:00 UTC,2015-09-04 03:30:00 UTC,180,0.0,,,14,14,505.0,0.0,0.0,100.0,605.0,Cash,Dispatch Taxi Affiliation,41.968069,-87.721559063,POINT (-87.7215590627 41.968069),41.968069,-87.721559063,POINT (-87.7215590627 41.968069)
eade1ff64f38899b3c44dc9fdb9418ff20cb635c,10cb380e744ed76d4cf3461ca8671683cd392139e0e2af7b810cfc88fe0eef4fb8a0b98c19c10540a26ede4ead235fff81f3932e2254d212af74df3423d29a80,2015-05-30 07:00:00 UTC,2015-05-30 07:00:00 UTC,0,0.0,,,14,14,325.0,0.0,0.0,0.0,325.0,Cash,Taxi Affiliation Services,41.968069,-87.721559063,POINT (-87.7215590627 41.968069),41.968069,-87.721559063,POINT (-87.7215590627 41.968069)
eadf07135395e1dd932f6f188eddec40b0fcdb69,d9a3400760fd8548ebb04b0edbe621e7ae2357a72b3450681e4289affbe4c7bf67db35b1c3211af484b35842e4c7105f4a2d2e49a607ecc4fd91e3d53e7c8165,2014-07-26 10:15:00 UTC,2014-07-26 10:15:00 UTC,0,0.0,,,14,14,325.0,0.0,0.0,0.0,325.0,Cash,,41.968069,-87.721559063,POINT (-87.7215590627 41.968069),41.968069,-87.721559063,POINT (-87.7215590627 41.968069)
eadf17c74ba74eed45142adf46bbf8b8ac536e93,13211c2747462616a339ca520978b83ccd7fe5c490b86028f6b478a7d4df9c1cd372bd37c372de3af5754c669827b08b15bdb569f6ce2d82c3ba763780a45815,2016-08-20 07:15:00 UTC,2016-08-20 07:15:00 UTC,0,0.0,,,14,14,325.0,575.0,0.0,2550.0,3450.0,Credit Card,Taxi Affiliation Services,41.968069,-87.721559063,POINT (-87.7215590627 41.968069),41.968069,-87.721559063,POINT (-87.7215590627 41.968069)
eadf9590568cd4a4e26e3697834c748dbec59811,4f1e94982e6851725add382f7981d64006ae7c38f3664f6575ef12ab44c1c6af6e02524b142e95c1d10974f66b6a2eda0d332643b01607e2ca3ff2a7241f6dee,2013-05-10 03:30:00 UTC,2013-05-10 03:30:00 UTC,0,0.0,,,14,14,325.0,0.0,0.0,50.0,375.0,Cash,,41.968069,-87.721559063,POINT (-87.7215590627 41.968069),41.968069,-87.721559063,POINT (-87.7215590627 41.968069)
eae0abc81688ea4c34925629c24c68e721c6b1a5,998375e02a53225a78f127e12aef428a79aa7f33ce92120ef1fd4fb4920fc0b0a8ad4f586dbe3c769c7ab0b68923e55e6fda7168d6fdbbdafb5e10f8b55d7ffd,2014-08-31 08:45:00 UTC,2014-08-31 08:45:00 UTC,120,0.0,,,14,14,425.0,0.0,0.0,0.0,425.0,Cash,Taxi Affiliation Services,41.968069,-87.721559063,POINT (-87.7215590627 41.968069),41.968069,-87.721559063,POINT (-87.7215590627 41.968069)
eae1cb9da5135c1df99fbe63c28f7bb70cf4190d,4077b6d5d9faa02d0516e7edf62ad50ddef0865e9dd8974b79b0e5cb221c957dd7bc4f916f4086a62fa835f1ef81aceb10a48f02eff945cd440bcc39840ffa33,2014-03-19 02:30:00 UTC,2014-03-19 02:30:00 UTC,120,0.7,,,14,14,465.0,0.0,0.0,0.0,465.0,Cash,Choice Taxi Association,41.968069,-87.721559063,POINT (-87.7215590627 41.968069),41.968069,-87.721559063,POINT (-87.7215590627 41.968069)
eae2046602617fb7c0f87a3971a0ca848a9d5346,ff27b6ba27a8301516d11c41574b1c1dcb529bf9d4e5a202b72b7db6bd5b1f903c43fd05890a1d7fa4f5dc68e575ff45a0cb83fba43b95d3e54fc98c79718a73,2014-01-19 01:00:00 UTC,2014-01-19 01:00:00 UTC,480,0.0,,,14,14,585.0,0.0,0.0,0.0,585.0,Cash,Dispatch Taxi Affiliation,41.968069,-87.721559063,POINT (-87.7215590627 41.968069),41.968069,-87.721559063,POINT (-87.7215590627 41.968069)
eae2b74c983c3c729a739d8e3f73692b9ae6449f,ec806bf321fe3ce27a05dff30ce100f363d0639eab2381250e221ec649d7eca39b88d129abc59639c191ec9770848253134de9e037710f5b389960bbae525724,2013-09-20 08:15:00 UTC,2013-09-20 08:15:00 UTC,480,0.0,,,14,14,665.0,0.0,0.0,0.0,665.0,Cash,Taxi Affiliation Services,41.968069,-87.721559063,POINT (-87.7215590627 41.968069),41.968069,-87.721559063,POINT (-87.7215590627 41.968069)
eae535c4ed6b2f267114383a841865f1bfa4892a,54726318390e775ddecb9aec77e8c4d0059b5f170454e61bcb9c1ef944beb8e68122f5331f5e25223390eeb0163b90b369ee1717b9aa11dd5a325ef5a9e8d7af,2014-10-14 03:15:00 UTC,2014-10-14 03:30:00 UTC,420,0.0,,,14,14,605.0,0.0,0.0,100.0,705.0,Cash,Taxi Affiliation Services,41.968069,-87.721559063,POINT (-87.7215590627 41.968069),41.968069,-87.721559063,POINT (-87.7215590627 41.968069)
eae6548ca13624fccba84738c7d90c43582e4717,e87a78f14c8e468aaf2e79d9eed5a705b97780fb5f90a5b0e7de7c1190829d84c1e802f2bb53756a13528808df092e5ddb38ff42fdb23587782dbf5c0ab56133,2013-10-26 11:30:00 UTC,2013-10-26 11:30:00 UTC,300,1.2,,,14,14,545.0,0.0,0.0,150.0,695.0,Credit Card,,41.968069,-87.721559063,POINT (-87.7215590627 41.968069),41.968069,-87.721559063,POINT (-87.7215590627 41.968069)
eae65f4e8e0259b8cb6d494d1074ab9636501f32,c381062fedb173b99266e896dd47f45f966410f69a8cbcc2789bccd3afc892e9cbbc3e2984e4f741bc4095407302196f20f5bb0125d469a97b693aa35b9ab670,2014-07-01 10:00:00 UTC,2014-07-01 10:00:00 UTC,240,0.45,,,14,14,505.0,0.0,0.0,0.0,505.0,Cash,,41.968069,-87.721559063,POINT (-87.7215590627 41.968069),41.968069,-87.721559063,POINT (-87.7215590627 41.968069)
eae686de976609e9e24bb15b0f986616101fac7d,58498c177c21b95bcdfa35b0f5184e51cdf1f736a78ea634acc42fc6c6fd22f0e91066459263e2cc50b751acfa116e91d49738ed59082ea464c1df16ae56acee,2015-06-13 06:30:00 UTC,2015-06-13 06:45:00 UTC,360,0.7,,,14,14,605.0,0.0,0.0,100.0,705.0,Cash,Taxi Affiliation Services,41.968069,-87.721559063,POINT (-87.7215590627 41.968069),41.968069,-87.721559063,POINT (-87.7215590627 41.968069)
eae703234bfa0b8641f61a3844f58c5a31d941c9,12892fdf027712c46f330164331346d04cd435d0ff7020acf340c5ce0114e4182932a281a3b4b50409c6b70374d81052ab53fe891fcc8e85d78feb5163ed4d22,2013-02-25 12:15:00 UTC,2013-02-25 12:15:00 UTC,60,0.0,,,14,14,345.0,0.0,0.0,50.0,395.0,Cash,Dispatch Taxi Affiliation,41.968069,-87.721559063,POINT (-87.7215590627 41.968069),41.968069,-87.721559063,POINT (-87.7215590627 41.968069)
eae919a4ceac603965ba9b034d41e054edc47b55,139faf6d73880dc09d95788e725f40623e56ff39dfe6d32e2484fc5215488bde8a763a5b46d6cdc9bb5838416ce11fe93bc7a0c44ba55c54e09507913c36af70,2013-03-26 06:30:00 UTC,2013-03-26 06:30:00 UTC,0,0.0,,,14,14,325.0,0.0,0.0,0.0,325.0,Cash,Dispatch Taxi Affiliation,41.968069,-87.721559063,POINT (-87.7215590627 41.968069),41.968069,-87.721559063,POINT (-87.7215590627 41.968069)
eae9511682c097d36638e2ed6f7a372d0d515002,8e9243d940d949ed3588e8ee5254eef4ba11ae19b30d995ba6e19cf2a9d381e64c84ed53f939138b6d6bd6b60e7e6c5c1efca9d4868bcd483c419adb1b6725fc,2017-04-03 11:00:00 UTC,2017-04-03 11:00:00 UTC,0,0.0,,,14,14,325.0,0.0,0.0,0.0,325.0,Cash,Blue Ribbon Taxi Association Inc.,41.968069,-87.721559063,POINT (-87.7215590627 41.968069),41.968069,-87.721559063,POINT (-87.7215590627 41.968069)
eaed073b65fa4e2f49a4dce9003327c391c0eb82,509476ab6ed3f69bed54dcde037df74912a813e77d8fd8223c0325bbb94e911fd2132d798c98139b27f9ab2bc2a27304cb242d37ea10f79eb02396efc31c7294,2014-09-21 11:30:00 UTC,2014-09-21 11:45:00 UTC,1140,4.38,,,14,14,1385.0,0.0,0.0,150.0,1535.0,Cash,,41.968069,-87.721559063,POINT (-87.7215590627 41.968069),41.968069,-87.721559063,POINT (-87.7215590627 41.968069)
eaee87a0f41e61dbad24ad0f69878ef3a2501d12,3730b3a4c5aa4eedbcf2c7d2737ad99ac636b034b3fff8562aa9117cb957d820d870be4653737c31fff233979d2d7e4690da0e2f9d1d020195fff8d59fccd16a,2015-03-02 08:15:00 UTC,2015-03-02 08:15:00 UTC,480,1.2,,,14,14,625.0,0.0,0.0,100.0,725.0,Cash,Choice Taxi Association,41.968069,-87.721559063,POINT (-87.7215590627 41.968069),41.968069,-87.721559063,POINT (-87.7215590627 41.968069)
eaeebbc26180c1afd8042a6fc2225ef2583a2df4,a4e38923fa3ca8f2e4b1f0497275f97a199cd4f35a2dea7713ff891920bb24462afd89ce2541a6dd626c3bb169ae38d8b246d4c1f8ddf7f43f5cd4cd344acf2d,2015-01-08 12:00:00 UTC,2015-01-08 12:00:00 UTC,240,0.82,,,14,14,505.0,101.0,0.0,0.0,606.0,Credit Card,,41.968069,-87.721559063,POINT (-87.7215590627 41.968069),41.968069,-87.721559063,POINT (-87.7215590627 41.968069)
eaef165189d6855e3ba0588effe555242eb28b5a,0d4d54c4953a121d58efd102569c195b8d35c14a637e9420589bf37a36fb133043430fd88cf6f7f8edc5f51576641c2d00ef79c6c2f22b8b71642865f9cf98f1,2016-07-24 03:00:00 UTC,2016-07-24 03:30:00 UTC,1200,5.7,,,14,14,1750.0,360.0,0.0,0.0,2160.0,Credit Card,,41.968069,-87.721559063,POINT (-87.7215590627 41.968069),41.968069,-87.721559063,POINT (-87.7215590627 41.968069)
eaef4c1882646a2719af491d986a1aeb7263b0aa,5a4260910aa7c0746bd45778bb25069aaf860373ff35916696d260eabf3f4d947a4f269914ffd0220520fa0ebd31aaf2b4a0085c180108a5b091841c5d366cf4,2014-09-30 06:00:00 UTC,2014-09-30 06:15:00 UTC,540,0.56,,,14,14,625.0,0.0,0.0,100.0,725.0,Credit Card,,41.968069,-87.721559063,POINT (-87.7215590627 41.968069),41.968069,-87.721559063,POINT (-87.7215590627 41.968069)
eaf01b2116564db1b7a9ce1b793c85b11d5ca1c3,31eb3b01cdb0bd30f18c3dc65888595ad6374fa323fd995018a4e4310cfa5d910f1e810bb0d6e209700fc11ffe0891e2720888e72f4e4f1f87e9d2fe0de4a266,2014-01-28 10:30:00 UTC,2014-01-28 10:30:00 UTC,240,0.7,,,14,14,505.0,300.0,0.0,100.0,905.0,Credit Card,,41.968069,-87.721559063,POINT (-87.7215590627 41.968069),41.968069,-87.721559063,POINT (-87.7215590627 41.968069)
eaf0f5eddf05d3c3da7a1f3b0794c57171f94e33,3506f62ee1c70c02fe00b742679684b319d5b712182f828f14b081888056485c3bd5911f60c194bcf0fb5986bb4f04b7d169ab0fd22cb63f0906af16d431395b,2015-08-13 03:15:00 UTC,2015-08-13 03:15:00 UTC,0,0.0,,,14,14,325.0,0.0,0.0,150.0,475.0,Cash,Taxi Affiliation Services,41.968069,-87.721559063,POINT (-87.7215590627 41.968069),41.968069,-87.721559063,POINT (-87.7215590627 41.968069)
eaf3a065f7e12e7d2bc74710f5e95603e7a59168,182738fe701aff980860adbe8c50444f6edfb7adcf06a9b6091a346d05e6b261f681c1c3a230e5ab50a2c5318d8e09179e9b60184890bafaf434dbb3a1d45110,2015-02-04 03:00:00 UTC,2015-02-04 03:15:00 UTC,660,0.5,,,14,14,665.0,0.0,0.0,0.0,665.0,Cash,Dispatch Taxi Affiliation,41.968069,-87.721559063,POINT (-87.7215590627 41.968069),41.968069,-87.721559063,POINT (-87.7215590627 41.968069)
eaf4203afb69867be4d874252fa8918999fe3036,646880db83de7381a22c7f6931e1ce522ecfe56d76cc77623ce598cb5059150cea2d5919188cd25d84fb1ec571292a37ba2da97ee1f3ad7529a7a3d9d16bbee0,2014-01-12 10:45:00 UTC,2014-01-12 10:45:00 UTC,0,0.0,,,14,14,325.0,0.0,0.0,0.0,325.0,Cash,Dispatch Taxi Affiliation,41.968069,-87.721559063,POINT (-87.7215590627 41.968069),41.968069,-87.721559063,POINT (-87.7215590627 41.968069)
eaf58029252616bab61b36bffa9e8f1a49921b57,effbf1619864cc88b7cc99ecf936ef65065b329c827b2c63994b4418b9ab9eb0b4f83918ffca1e454032bea5f48874102aa2720b537347c52965608ade129c18,2015-02-12 03:45:00 UTC,2015-02-12 03:45:00 UTC,240,0.7,,,14,14,505.0,0.0,0.0,0.0,505.0,No Charge,Dispatch Taxi Affiliation,41.968069,-87.721559063,POINT (-87.7215590627 41.968069),41.968069,-87.721559063,POINT (-87.7215590627 41.968069)
eaf818d607519303f7acf330765d7c757b825eca,c4c30550fce450a3fd01652f5a13999b84212f92d0b635646463044113aeaa28320c81781d207dddf13b8773c18d311cf1bb10fb0b012cc4138be4201dadb00c,2015-09-18 07:30:00 UTC,2015-09-18 07:30:00 UTC,0,0.0,,,14,14,325.0,0.0,0.0,500.0,825.0,Cash,Dispatch Taxi Affiliation,41.968069,-87.721559063,POINT (-87.7215590627 41.968069),41.968069,-87.721559063,POINT (-87.7215590627 41.968069)
eaf8aa567af94775a321675efbac6e4dddc69117,fcd436bde368265a17dcf67549e607f866e811e3b0bef4dc38894d907bcb66fb6eb234d9669ec580d34cadab0dcc7451551131bb38e351d0c85186bf420dcc54,2016-11-18 09:30:00 UTC,2016-11-18 10:00:00 UTC,2400,0.0,,,14,14,1625.0,0.0,0.0,0.0,1625.0,Cash,,41.968069,-87.721559063,POINT (-87.7215590627 41.968069),41.968069,-87.721559063,POINT (-87.7215590627 41.968069)
eaf9f3455775def92e4345a59d635846df9d1d3e,82f142b1548638d2dab19e4fe73d9f59172c1d9df1845d7e17146a769bd6775e8c4f8830f33bfc55608392bf127dfce9723dd6dee3e6456637f3bb6bce17bd63,2013-01-13 05:00:00 UTC,2013-01-13 05:00:00 UTC,0,0.0,,,14,14,325.0,355.0,0.0,1450.0,2130.0,Credit Card,Blue Ribbon Taxi Association Inc.,41.968069,-87.721559063,POINT (-87.7215590627 41.968069),41.968069,-87.721559063,POINT (-87.7215590627 41.968069)
eafde2bbc965473a5fd978d6b9f5ebc42a8b5124,51b522c6a1cf950faa3cc6dc34f6446801b0a5bc54d8decccce2d2b364d09e15e751bb546f39db7f14acc6ed0e13355827bffd06f8812f47746eae70daf87fe7,2014-03-01 12:45:00 UTC,2014-03-01 12:45:00 UTC,0,0.0,,,14,14,325.0,0.0,0.0,0.0,325.0,Cash,Taxi Affiliation Services,41.968069,-87.721559063,POINT (-87.7215590627 41.968069),41.968069,-87.721559063,POINT (-87.7215590627 41.968069)
eaff7e4db9f8759f5f288a9af665e1916933458c,adef43339d1348d5d6b837d89070e7bef04c9f45761bc444528133fe76567a9811b6a6907ffa68111525a5d20a7ff48c4c2407553b792ae9bf30cb1fbc45d6a5,2013-08-18 05:45:00 UTC,2013-08-18 05:45:00 UTC,0,0.0,,,14,14,325.0,0.0,0.0,0.0,325.0,Cash,Chicago Elite Cab Corp. (Chicago Carriag,41.968069,-87.721559063,POINT (-87.7215590627 41.968069),41.968069,-87.721559063,POINT (-87.7215590627 41.968069)
eb00181dfaf2e8826f3d727e6ea6ef124a175092,d653511d0886985f823711667b4b24f0de9b4d280ad255f2a536a843cf9ac9dc0f2a08831bb1e4c63645f4cbafccbc70ff879f4fc16ef8cadc64dce522dbd32c,2014-01-18 04:00:00 UTC,2014-01-18 04:15:00 UTC,120,0.2,,,14,14,405.0,0.0,0.0,100.0,505.0,No Charge,Dispatch Taxi Affiliation,41.968069,-87.721559063,POINT (-87.7215590627 41.968069),41.968069,-87.721559063,POINT (-87.7215590627 41.968069)
